domain,problem,runtime,size,status,jic-limit,trials,forgetpolicy,fullstate,planlocal,partial-planlocal,plan-with-policy,limit-planlocal,detect-deadends,generalize-deadends,online-deadends,optimized-scd,jic time,policy eval,policy creation,policy use,search time,engine time,regression time,simulator time,successful states,replans,actions,policy score,strongly cyclic,succeeded
blocksworld,p1.pddl,0.040000,9,-,18000,100,0,0,1,1,1,1,1,1,1,1,0.030000,0.030000,0.010000,0.020000,0.000000,0.000000,0.000000,0.000000,11,0,11,1.000000,True,100
blocksworld,p1.pddl,0.020000,9,-,18000,100,0,0,1,1,1,1,1,1,1,1,0.020000,0.020000,0.000000,0.000000,0.000000,0.000000,0.000000,0.000000,11,0,11,1.000000,True,100
blocksworld,p1.pddl,0.040000,9,-,18000,100,0,0,1,1,1,1,1,1,1,1,0.040000,0.040000,0.000000,0.010000,0.000000,0.000000,0.000000,0.000000,11,0,11,1.000000,True,100
blocksworld,p1.pddl,0.040000,9,-,18000,100,0,0,1,1,1,1,1,1,1,1,0.030000,0.030000,0.000000,0.030000,0.000000,0.000000,0.000000,0.000000,11,0,11,1.000000,True,100
blocksworld,p1.pddl,0.030000,9,-,18000,100,0,0,1,1,1,1,1,1,1,1,0.030000,0.030000,0.000000,0.010000,0.000000,0.000000,0.000000,0.000000,11,0,11,1.000000,True,100
blocksworld,p1.pddl,0.040000,9,-,18000,100,0,0,1,1,1,1,1,1,1,1,0.030000,0.020000,0.000000,0.030000,0.000000,0.000000,0.000000,0.010000,11,0,11,1.000000,True,100
blocksworld,p1.pddl,0.040000,9,-,18000,100,0,0,1,1,1,1,1,1,1,1,0.030000,0.030000,0.000000,0.000000,0.000000,0.000000,0.000000,0.000000,11,0,11,1.000000,True,100
blocksworld,p1.pddl,0.040000,9,-,18000,100,0,0,1,1,1,1,1,1,1,1,0.040000,0.040000,0.000000,0.030000,0.000000,0.000000,0.000000,0.000000,11,0,11,1.000000,True,100
blocksworld,p1.pddl,0.040000,9,-,18000,100,0,0,1,1,1,1,1,1,1,1,0.020000,0.020000,0.000000,0.000000,0.000000,0.000000,0.000000,0.020000,11,0,11,1.000000,True,100
blocksworld,p1.pddl,0.030000,9,-,18000,100,0,0,1,1,1,1,1,1,1,1,0.030000,0.030000,0.000000,0.010000,0.000000,0.000000,0.000000,0.000000,11,0,11,1.000000,True,100
blocksworld,p2.pddl,0.040000,8,-,18000,100,0,0,1,1,1,1,1,1,1,1,0.030000,0.030000,0.000000,0.030000,0.000000,0.000000,0.000000,0.010000,10,0,10,1.000000,True,100
blocksworld,p2.pddl,0.060000,8,-,18000,100,0,0,1,1,1,1,1,1,1,1,0.030000,0.030000,0.000000,0.040000,0.000000,0.000000,0.000000,0.020000,10,0,10,1.000000,True,100
blocksworld,p2.pddl,0.040000,8,-,18000,100,0,0,1,1,1,1,1,1,1,1,0.040000,0.040000,0.000000,0.030000,0.000000,0.000000,0.000000,0.000000,10,0,10,1.000000,True,100
blocksworld,p2.pddl,0.040000,8,-,18000,100,0,0,1,1,1,1,1,1,1,1,0.030000,0.030000,0.000000,0.030000,0.000000,0.000000,0.000000,0.010000,10,0,10,1.000000,True,100
blocksworld,p2.pddl,0.040000,8,-,18000,100,0,0,1,1,1,1,1,1,1,1,0.040000,0.030000,0.000000,0.010000,0.000000,0.000000,0.000000,0.000000,10,0,10,1.000000,True,100
blocksworld,p2.pddl,0.040000,8,-,18000,100,0,0,1,1,1,1,1,1,1,1,0.030000,0.030000,0.000000,0.010000,0.000000,0.000000,0.000000,0.000000,10,0,10,1.000000,True,100
blocksworld,p2.pddl,0.040000,8,-,18000,100,0,0,1,1,1,1,1,1,1,1,0.030000,0.030000,0.000000,0.020000,0.000000,0.000000,0.000000,0.000000,10,0,10,1.000000,True,100
blocksworld,p2.pddl,0.040000,8,-,18000,100,0,0,1,1,1,1,1,1,1,1,0.040000,0.030000,0.000000,0.020000,0.000000,0.000000,0.000000,0.000000,10,0,10,1.000000,True,100
blocksworld,p2.pddl,0.040000,8,-,18000,100,0,0,1,1,1,1,1,1,1,1,0.030000,0.030000,0.000000,0.020000,0.000000,0.000000,0.000000,0.010000,10,0,10,1.000000,True,100
blocksworld,p2.pddl,0.040000,8,-,18000,100,0,0,1,1,1,1,1,1,1,1,0.030000,0.030000,0.000000,0.000000,0.000000,0.000000,0.000000,0.000000,10,0,10,1.000000,True,100
blocksworld,p3.pddl,0.040000,15,-,18000,100,0,0,1,1,1,1,1,1,1,1,0.040000,0.030000,0.000000,0.020000,0.000000,0.000000,0.000000,0.000000,19,0,19,1.000000,True,100
blocksworld,p3.pddl,0.060000,15,-,18000,100,0,0,1,1,1,1,1,1,1,1,0.050000,0.050000,0.000000,0.010000,0.000000,0.000000,0.000000,0.000000,19,0,19,1.000000,True,100
blocksworld,p3.pddl,0.050000,15,-,18000,100,0,0,1,1,1,1,1,1,1,1,0.030000,0.030000,0.000000,0.000000,0.000000,0.000000,0.000000,0.010000,19,0,19,1.000000,True,100
blocksworld,p3.pddl,0.050000,15,-,18000,100,0,0,1,1,1,1,1,1,1,1,0.040000,0.040000,0.000000,0.020000,0.000000,0.000000,0.000000,0.000000,19,0,19,1.000000,True,100
blocksworld,p3.pddl,0.040000,15,-,18000,100,0,0,1,1,1,1,1,1,1,1,0.040000,0.030000,0.000000,0.010000,0.010000,0.000000,0.000000,0.000000,19,0,19,1.000000,True,100
blocksworld,p3.pddl,0.040000,15,-,18000,100,0,0,1,1,1,1,1,1,1,1,0.040000,0.040000,0.000000,0.010000,0.000000,0.000000,0.000000,0.000000,19,0,19,1.000000,True,100
blocksworld,p3.pddl,0.070000,15,-,18000,100,0,0,1,1,1,1,1,1,1,1,0.050000,0.050000,0.000000,0.060000,0.000000,0.000000,0.000000,0.010000,19,0,19,1.000000,True,100
blocksworld,p3.pddl,0.050000,15,-,18000,100,0,0,1,1,1,1,1,1,1,1,0.030000,0.030000,0.000000,0.030000,0.000000,0.000000,0.000000,0.010000,19,0,19,1.000000,True,100
blocksworld,p3.pddl,0.040000,15,-,18000,100,0,0,1,1,1,1,1,1,1,1,0.040000,0.030000,0.000000,0.020000,0.000000,0.000000,0.000000,0.000000,19,0,19,1.000000,True,100
blocksworld,p3.pddl,0.050000,15,-,18000,100,0,0,1,1,1,1,1,1,1,1,0.040000,0.040000,0.000000,0.010000,0.000000,0.000000,0.000000,0.000000,19,0,19,1.000000,True,100
blocksworld,p4.pddl,0.080000,20,-,18000,100,0,0,1,1,1,1,1,1,1,1,0.070000,0.050000,0.000000,0.040000,0.000000,0.000000,0.000000,0.000000,26,0,26,1.000000,True,100
blocksworld,p4.pddl,0.080000,20,-,18000,100,0,0,1,1,1,1,1,1,1,1,0.070000,0.070000,0.000000,0.050000,0.000000,0.000000,0.000000,0.000000,26,0,26,1.000000,True,100
blocksworld,p4.pddl,0.080000,20,-,18000,100,0,0,1,1,1,1,1,1,1,1,0.070000,0.070000,0.000000,0.050000,0.000000,0.000000,0.000000,0.000000,26,0,26,1.000000,True,100
blocksworld,p4.pddl,0.090000,20,-,18000,100,0,0,1,1,1,1,1,1,1,1,0.080000,0.080000,0.000000,0.040000,0.000000,0.000000,0.000000,0.000000,26,0,26,1.000000,True,100
blocksworld,p4.pddl,0.090000,20,-,18000,100,0,0,1,1,1,1,1,1,1,1,0.080000,0.080000,0.010000,0.080000,0.000000,0.000000,0.000000,0.000000,26,0,26,1.000000,True,100
blocksworld,p4.pddl,0.090000,20,-,18000,100,0,0,1,1,1,1,1,1,1,1,0.080000,0.080000,0.010000,0.040000,0.000000,0.000000,0.000000,0.000000,26,0,26,1.000000,True,100
blocksworld,p4.pddl,0.090000,20,-,18000,100,0,0,1,1,1,1,1,1,1,1,0.080000,0.080000,0.000000,0.000000,0.000000,0.000000,0.000000,0.000000,26,0,26,1.000000,True,100
blocksworld,p4.pddl,0.100000,20,-,18000,100,0,0,1,1,1,1,1,1,1,1,0.070000,0.060000,0.000000,0.010000,0.000000,0.000000,0.000000,0.020000,26,0,26,1.000000,True,100
blocksworld,p4.pddl,0.090000,20,-,18000,100,0,0,1,1,1,1,1,1,1,1,0.080000,0.080000,0.000000,0.050000,0.000000,0.000000,0.000000,0.000000,26,0,26,1.000000,True,100
blocksworld,p4.pddl,0.120000,20,-,18000,100,0,0,1,1,1,1,1,1,1,1,0.110000,0.110000,0.000000,0.060000,0.000000,0.000000,0.000000,0.000000,26,0,26,1.000000,True,100
blocksworld,p5.pddl,0.090000,12,-,18000,100,0,0,1,1,1,1,1,1,1,1,0.080000,0.080000,0.000000,0.010000,0.000000,0.000000,0.000000,0.000000,16,0,16,1.000000,True,100
blocksworld,p5.pddl,0.100000,12,-,18000,100,0,0,1,1,1,1,1,1,1,1,0.080000,0.080000,0.000000,0.070000,0.000000,0.000000,0.000000,0.020000,16,0,16,1.000000,True,100
blocksworld,p5.pddl,0.050000,12,-,18000,100,0,0,1,1,1,1,1,1,1,1,0.050000,0.050000,0.000000,0.030000,0.000000,0.000000,0.000000,0.000000,16,0,16,1.000000,True,100
blocksworld,p5.pddl,0.070000,12,-,18000,100,0,0,1,1,1,1,1,1,1,1,0.050000,0.050000,0.000000,0.010000,0.000000,0.000000,0.000000,0.010000,16,0,16,1.000000,True,100
blocksworld,p5.pddl,0.070000,12,-,18000,100,0,0,1,1,1,1,1,1,1,1,0.060000,0.060000,0.000000,0.030000,0.000000,0.000000,0.000000,0.000000,16,0,16,1.000000,True,100
blocksworld,p5.pddl,0.070000,12,-,18000,100,0,0,1,1,1,1,1,1,1,1,0.050000,0.050000,0.010000,0.020000,0.000000,0.000000,0.000000,0.010000,16,0,16,1.000000,True,100
blocksworld,p5.pddl,0.070000,12,-,18000,100,0,0,1,1,1,1,1,1,1,1,0.040000,0.040000,0.000000,0.040000,0.000000,0.000000,0.000000,0.020000,16,0,16,1.000000,True,100
blocksworld,p5.pddl,0.070000,12,-,18000,100,0,0,1,1,1,1,1,1,1,1,0.070000,0.060000,0.000000,0.040000,0.010000,0.000000,0.000000,0.000000,16,0,16,1.000000,True,100
blocksworld,p5.pddl,0.050000,12,-,18000,100,0,0,1,1,1,1,1,1,1,1,0.050000,0.050000,0.000000,0.030000,0.000000,0.000000,0.000000,0.000000,16,0,16,1.000000,True,100
blocksworld,p5.pddl,0.070000,12,-,18000,100,0,0,1,1,1,1,1,1,1,1,0.050000,0.050000,0.000000,0.010000,0.000000,0.000000,0.000000,0.010000,16,0,16,1.000000,True,100
blocksworld,p6.pddl,0.050000,9,-,18000,100,0,0,1,1,1,1,1,1,1,1,0.030000,0.030000,0.000000,0.010000,0.000000,0.000000,0.000000,0.010000,16,0,16,1.000000,True,100
blocksworld,p6.pddl,0.040000,9,-,18000,100,0,0,1,1,1,1,1,1,1,1,0.030000,0.030000,0.000000,0.020000,0.000000,0.000000,0.000000,0.000000,16,0,16,1.000000,True,100
blocksworld,p6.pddl,0.030000,9,-,18000,100,0,0,1,1,1,1,1,1,1,1,0.030000,0.030000,0.000000,0.010000,0.000000,0.000000,0.000000,0.000000,16,0,16,1.000000,True,100
blocksworld,p6.pddl,0.040000,9,-,18000,100,0,0,1,1,1,1,1,1,1,1,0.040000,0.040000,0.000000,0.030000,0.000000,0.000000,0.000000,0.000000,16,0,16,1.000000,True,100
blocksworld,p6.pddl,0.040000,9,-,18000,100,0,0,1,1,1,1,1,1,1,1,0.030000,0.030000,0.000000,0.020000,0.000000,0.000000,0.000000,0.010000,16,0,16,1.000000,True,100
blocksworld,p6.pddl,0.060000,9,-,18000,100,0,0,1,1,1,1,1,1,1,1,0.030000,0.030000,0.000000,0.030000,0.000000,0.000000,0.000000,0.020000,16,0,16,1.000000,True,100
blocksworld,p6.pddl,0.040000,9,-,18000,100,0,0,1,1,1,1,1,1,1,1,0.030000,0.030000,0.000000,0.020000,0.000000,0.000000,0.000000,0.000000,16,0,16,1.000000,True,100
blocksworld,p6.pddl,0.050000,9,-,18000,100,0,0,1,1,1,1,1,1,1,1,0.030000,0.030000,0.000000,0.000000,0.000000,0.000000,0.000000,0.010000,16,0,16,1.000000,True,100
blocksworld,p6.pddl,0.040000,9,-,18000,100,0,0,1,1,1,1,1,1,1,1,0.040000,0.040000,0.000000,0.000000,0.000000,0.000000,0.000000,0.000000,16,0,16,1.000000,True,100
blocksworld,p6.pddl,0.060000,9,-,18000,100,0,0,1,1,1,1,1,1,1,1,0.030000,0.030000,0.000000,0.020000,0.000000,0.000000,0.000000,0.020000,16,0,16,1.000000,True,100
blocksworld,p7.pddl,0.070000,18,-,18000,100,0,0,1,1,1,1,1,1,1,1,0.070000,0.060000,0.000000,0.030000,0.010000,0.000000,0.000000,0.000000,23,0,23,1.000000,True,100
blocksworld,p7.pddl,0.070000,18,-,18000,100,0,0,1,1,1,1,1,1,1,1,0.050000,0.050000,0.000000,0.050000,0.000000,0.000000,0.000000,0.020000,23,0,23,1.000000,True,100
blocksworld,p7.pddl,0.070000,18,-,18000,100,0,0,1,1,1,1,1,1,1,1,0.070000,0.060000,0.000000,0.010000,0.010000,0.000000,0.000000,0.000000,23,0,23,1.000000,True,100
blocksworld,p7.pddl,0.070000,18,-,18000,100,0,0,1,1,1,1,1,1,1,1,0.070000,0.070000,0.000000,0.050000,0.000000,0.000000,0.000000,0.000000,23,0,23,1.000000,True,100
blocksworld,p7.pddl,0.070000,18,-,18000,100,0,0,1,1,1,1,1,1,1,1,0.050000,0.050000,0.000000,0.070000,0.000000,0.000000,0.000000,0.020000,23,0,23,1.000000,True,100
blocksworld,p7.pddl,0.080000,18,-,18000,100,0,0,1,1,1,1,1,1,1,1,0.060000,0.060000,0.000000,0.050000,0.000000,0.000000,0.000000,0.020000,23,0,23,1.000000,True,100
blocksworld,p7.pddl,0.090000,18,-,18000,100,0,0,1,1,1,1,1,1,1,1,0.060000,0.060000,0.000000,0.000000,0.000000,0.000000,0.000000,0.020000,23,0,23,1.000000,True,100
blocksworld,p7.pddl,0.070000,18,-,18000,100,0,0,1,1,1,1,1,1,1,1,0.060000,0.060000,0.000000,0.000000,0.000000,0.000000,0.000000,0.000000,23,0,23,1.000000,True,100
blocksworld,p7.pddl,0.070000,18,-,18000,100,0,0,1,1,1,1,1,1,1,1,0.060000,0.060000,0.000000,0.060000,0.000000,0.000000,0.000000,0.000000,23,0,23,1.000000,True,100
blocksworld,p7.pddl,0.070000,18,-,18000,100,0,0,1,1,1,1,1,1,1,1,0.070000,0.070000,0.000000,0.050000,0.000000,0.000000,0.000000,0.000000,23,0,23,1.000000,True,100
blocksworld,p8.pddl,0.050000,13,-,18000,100,0,0,1,1,1,1,1,1,1,1,0.040000,0.040000,0.000000,0.020000,0.000000,0.000000,0.000000,0.000000,17,0,17,1.000000,True,100
blocksworld,p8.pddl,0.070000,13,-,18000,100,0,0,1,1,1,1,1,1,1,1,0.050000,0.050000,0.000000,0.020000,0.000000,0.000000,0.000000,0.010000,17,0,17,1.000000,True,100
blocksworld,p8.pddl,0.060000,13,-,18000,100,0,0,1,1,1,1,1,1,1,1,0.060000,0.050000,0.000000,0.020000,0.000000,0.000000,0.000000,0.000000,17,0,17,1.000000,True,100
blocksworld,p8.pddl,0.050000,13,-,18000,100,0,0,1,1,1,1,1,1,1,1,0.040000,0.040000,0.000000,0.010000,0.000000,0.000000,0.000000,0.000000,17,0,17,1.000000,True,100
blocksworld,p8.pddl,0.070000,13,-,18000,100,0,0,1,1,1,1,1,1,1,1,0.040000,0.040000,0.000000,0.030000,0.000000,0.000000,0.000000,0.020000,17,0,17,1.000000,True,100
blocksworld,p8.pddl,0.060000,13,-,18000,100,0,0,1,1,1,1,1,1,1,1,0.050000,0.050000,0.010000,0.030000,0.000000,0.000000,0.000000,0.000000,17,0,17,1.000000,True,100
blocksworld,p8.pddl,0.060000,13,-,18000,100,0,0,1,1,1,1,1,1,1,1,0.050000,0.050000,0.000000,0.040000,0.000000,0.000000,0.000000,0.000000,17,0,17,1.000000,True,100
blocksworld,p8.pddl,0.070000,13,-,18000,100,0,0,1,1,1,1,1,1,1,1,0.050000,0.050000,0.000000,0.040000,0.000000,0.000000,0.000000,0.010000,17,0,17,1.000000,True,100
blocksworld,p8.pddl,0.070000,13,-,18000,100,0,0,1,1,1,1,1,1,1,1,0.050000,0.050000,0.000000,0.040000,0.000000,0.000000,0.000000,0.010000,17,0,17,1.000000,True,100
blocksworld,p8.pddl,0.060000,13,-,18000,100,0,0,1,1,1,1,1,1,1,1,0.050000,0.050000,0.000000,0.050000,0.000000,0.000000,0.000000,0.000000,17,0,17,1.000000,True,100
blocksworld,p9.pddl,0.020000,7,-,18000,100,0,0,1,1,1,1,1,1,1,1,0.010000,0.010000,0.000000,0.000000,0.000000,0.000000,0.000000,0.000000,10,0,10,1.000000,True,100
blocksworld,p9.pddl,0.020000,7,-,18000,100,0,0,1,1,1,1,1,1,1,1,0.020000,0.020000,0.000000,0.010000,0.000000,0.000000,0.000000,0.000000,10,0,10,1.000000,True,100
blocksworld,p9.pddl,0.030000,7,-,18000,100,0,0,1,1,1,1,1,1,1,1,0.020000,0.020000,0.010000,0.020000,0.000000,0.000000,0.000000,0.000000,10,0,10,1.000000,True,100
blocksworld,p9.pddl,0.030000,7,-,18000,100,0,0,1,1,1,1,1,1,1,1,0.030000,0.030000,0.000000,0.030000,0.000000,0.000000,0.000000,0.000000,10,0,10,1.000000,True,100
blocksworld,p9.pddl,0.020000,7,-,18000,100,0,0,1,1,1,1,1,1,1,1,0.020000,0.020000,0.000000,0.020000,0.000000,0.000000,0.000000,0.000000,10,0,10,1.000000,True,100
blocksworld,p9.pddl,0.040000,7,-,18000,100,0,0,1,1,1,1,1,1,1,1,0.020000,0.020000,0.000000,0.030000,0.000000,0.000000,0.000000,0.010000,10,0,10,1.000000,True,100
blocksworld,p9.pddl,0.040000,7,-,18000,100,0,0,1,1,1,1,1,1,1,1,0.030000,0.010000,0.000000,0.010000,0.000000,0.000000,0.000000,0.000000,10,0,10,1.000000,True,100
blocksworld,p9.pddl,0.020000,7,-,18000,100,0,0,1,1,1,1,1,1,1,1,0.020000,0.020000,0.000000,0.000000,0.000000,0.000000,0.000000,0.000000,10,0,10,1.000000,True,100
blocksworld,p9.pddl,0.020000,7,-,18000,100,0,0,1,1,1,1,1,1,1,1,0.010000,0.010000,0.000000,0.000000,0.000000,0.000000,0.000000,0.000000,10,0,10,1.000000,True,100
blocksworld,p9.pddl,0.030000,7,-,18000,100,0,0,1,1,1,1,1,1,1,1,0.030000,0.020000,0.000000,0.000000,0.000000,0.000000,0.000000,0.000000,10,0,10,1.000000,True,100
blocksworld,p10.pddl,0.040000,11,-,18000,100,0,0,1,1,1,1,1,1,1,1,0.040000,0.040000,0.000000,0.010000,0.000000,0.000000,0.000000,0.000000,14,0,14,1.000000,True,100
blocksworld,p10.pddl,0.040000,11,-,18000,100,0,0,1,1,1,1,1,1,1,1,0.030000,0.030000,0.010000,0.020000,0.000000,0.000000,0.000000,0.000000,14,0,14,1.000000,True,100
blocksworld,p10.pddl,0.040000,11,-,18000,100,0,0,1,1,1,1,1,1,1,1,0.030000,0.030000,0.000000,0.030000,0.000000,0.000000,0.000000,0.000000,14,0,14,1.000000,True,100
blocksworld,p10.pddl,0.040000,11,-,18000,100,0,0,1,1,1,1,1,1,1,1,0.030000,0.030000,0.010000,0.020000,0.000000,0.000000,0.000000,0.000000,14,0,14,1.000000,True,100
blocksworld,p10.pddl,0.040000,11,-,18000,100,0,0,1,1,1,1,1,1,1,1,0.030000,0.030000,0.000000,0.010000,0.000000,0.000000,0.000000,0.000000,14,0,14,1.000000,True,100
blocksworld,p10.pddl,0.040000,11,-,18000,100,0,0,1,1,1,1,1,1,1,1,0.020000,0.020000,0.000000,0.010000,0.000000,0.000000,0.000000,0.020000,14,0,14,1.000000,True,100
blocksworld,p10.pddl,0.040000,11,-,18000,100,0,0,1,1,1,1,1,1,1,1,0.030000,0.030000,0.000000,0.020000,0.000000,0.000000,0.000000,0.000000,14,0,14,1.000000,True,100
blocksworld,p10.pddl,0.040000,11,-,18000,100,0,0,1,1,1,1,1,1,1,1,0.030000,0.030000,0.010000,0.000000,0.000000,0.000000,0.000000,0.000000,14,0,14,1.000000,True,100
blocksworld,p10.pddl,0.040000,11,-,18000,100,0,0,1,1,1,1,1,1,1,1,0.020000,0.020000,0.000000,0.020000,0.000000,0.000000,0.000000,0.020000,14,0,14,1.000000,True,100
blocksworld,p10.pddl,0.040000,11,-,18000,100,0,0,1,1,1,1,1,1,1,1,0.030000,0.030000,0.010000,0.010000,0.000000,0.000000,0.000000,0.000000,14,0,14,1.000000,True,100
blocksworld,p11.pddl,0.340000,49,-,18000,100,0,0,1,1,1,1,1,1,1,1,0.260000,0.190000,0.010000,0.130000,0.030000,0.000000,0.000000,0.020000,63,0,63,1.000000,True,100
blocksworld,p11.pddl,0.340000,49,-,18000,100,0,0,1,1,1,1,1,1,1,1,0.250000,0.200000,0.010000,0.150000,0.030000,0.000000,0.000000,0.020000,63,0,63,1.000000,True,100
blocksworld,p11.pddl,0.430000,49,-,18000,100,0,0,1,1,1,1,1,1,1,1,0.340000,0.270000,0.030000,0.180000,0.030000,0.000000,0.000000,0.010000,63,0,63,1.000000,True,100
blocksworld,p11.pddl,0.360000,49,-,18000,100,0,0,1,1,1,1,1,1,1,1,0.270000,0.230000,0.030000,0.140000,0.030000,0.000000,0.000000,0.020000,63,0,63,1.000000,True,100
blocksworld,p11.pddl,0.340000,49,-,18000,100,0,0,1,1,1,1,1,1,1,1,0.250000,0.200000,0.030000,0.120000,0.030000,0.000000,0.000000,0.020000,63,0,63,1.000000,True,100
blocksworld,p11.pddl,0.340000,49,-,18000,100,0,0,1,1,1,1,1,1,1,1,0.250000,0.190000,0.030000,0.140000,0.030000,0.000000,0.000000,0.020000,63,0,63,1.000000,True,100
blocksworld,p11.pddl,0.340000,49,-,18000,100,0,0,1,1,1,1,1,1,1,1,0.250000,0.210000,0.030000,0.120000,0.030000,0.000000,0.000000,0.020000,63,0,63,1.000000,True,100
blocksworld,p11.pddl,0.340000,49,-,18000,100,0,0,1,1,1,1,1,1,1,1,0.250000,0.200000,0.020000,0.170000,0.050000,0.000000,0.000000,0.020000,63,0,63,1.000000,True,100
blocksworld,p11.pddl,0.350000,49,-,18000,100,0,0,1,1,1,1,1,1,1,1,0.270000,0.220000,0.020000,0.100000,0.030000,0.000000,0.000000,0.010000,63,0,63,1.000000,True,100
blocksworld,p11.pddl,0.320000,49,-,18000,100,0,0,1,1,1,1,1,1,1,1,0.230000,0.190000,0.030000,0.170000,0.010000,0.000000,0.000000,0.020000,63,0,63,1.000000,True,100
blocksworld,p12.pddl,0.280000,45,-,18000,100,0,0,1,1,1,1,1,1,1,1,0.200000,0.140000,0.020000,0.090000,0.010000,0.000000,0.000000,0.010000,63,0,63,1.000000,True,100
blocksworld,p12.pddl,0.280000,45,-,18000,100,0,0,1,1,1,1,1,1,1,1,0.200000,0.170000,0.030000,0.090000,0.020000,0.010000,0.000000,0.000000,63,0,63,1.000000,True,100
blocksworld,p12.pddl,0.290000,45,-,18000,100,0,0,1,1,1,1,1,1,1,1,0.200000,0.130000,0.010000,0.150000,0.030000,0.000000,0.000000,0.020000,63,0,63,1.000000,True,100
blocksworld,p12.pddl,0.290000,45,-,18000,100,0,0,1,1,1,1,1,1,1,1,0.210000,0.160000,0.010000,0.100000,0.030000,0.000000,0.000000,0.010000,63,0,63,1.000000,True,100
blocksworld,p12.pddl,0.270000,45,-,18000,100,0,0,1,1,1,1,1,1,1,1,0.180000,0.140000,0.030000,0.090000,0.020000,0.000000,0.000000,0.020000,63,0,63,1.000000,True,100
blocksworld,p12.pddl,0.250000,45,-,18000,100,0,0,1,1,1,1,1,1,1,1,0.190000,0.120000,0.020000,0.100000,0.030000,0.000000,0.000000,0.000000,63,0,63,1.000000,True,100
blocksworld,p12.pddl,0.260000,45,-,18000,100,0,0,1,1,1,1,1,1,1,1,0.180000,0.120000,0.020000,0.080000,0.030000,0.000000,0.000000,0.000000,63,0,63,1.000000,True,100
blocksworld,p12.pddl,0.290000,45,-,18000,100,0,0,1,1,1,1,1,1,1,1,0.200000,0.170000,0.030000,0.110000,0.020000,0.000000,0.000000,0.020000,63,0,63,1.000000,True,100
blocksworld,p12.pddl,0.290000,45,-,18000,100,0,0,1,1,1,1,1,1,1,1,0.220000,0.180000,0.020000,0.150000,0.010000,0.000000,0.000000,0.010000,63,0,63,1.000000,True,100
blocksworld,p12.pddl,0.280000,45,-,18000,100,0,0,1,1,1,1,1,1,1,1,0.190000,0.150000,0.030000,0.080000,0.020000,0.000000,0.000000,0.010000,63,0,63,1.000000,True,100
blocksworld,p13.pddl,0.200000,28,-,18000,100,0,0,1,1,1,1,1,1,1,1,0.140000,0.120000,0.020000,0.080000,0.020000,0.000000,0.000000,0.000000,36,0,36,1.000000,True,100
blocksworld,p13.pddl,0.250000,28,-,18000,100,0,0,1,1,1,1,1,1,1,1,0.160000,0.120000,0.030000,0.070000,0.030000,0.000000,0.000000,0.000000,36,0,36,1.000000,True,100
blocksworld,p13.pddl,0.210000,28,-,18000,100,0,0,1,1,1,1,1,1,1,1,0.120000,0.100000,0.030000,0.060000,0.020000,0.000000,0.000000,0.020000,36,0,36,1.000000,True,100
blocksworld,p13.pddl,0.210000,28,-,18000,100,0,0,1,1,1,1,1,1,1,1,0.140000,0.110000,0.010000,0.070000,0.020000,0.000000,0.000000,0.000000,36,0,36,1.000000,True,100
blocksworld,p13.pddl,0.190000,28,-,18000,100,0,0,1,1,1,1,1,1,1,1,0.130000,0.120000,0.020000,0.020000,0.010000,0.000000,0.000000,0.000000,36,0,36,1.000000,True,100
blocksworld,p13.pddl,0.210000,28,-,18000,100,0,0,1,1,1,1,1,1,1,1,0.140000,0.130000,0.010000,0.070000,0.010000,0.000000,0.000000,0.000000,36,0,36,1.000000,True,100
blocksworld,p13.pddl,0.190000,28,-,18000,100,0,0,1,1,1,1,1,1,1,1,0.130000,0.120000,0.020000,0.040000,0.010000,0.000000,0.000000,0.000000,36,0,36,1.000000,True,100
blocksworld,p13.pddl,0.210000,28,-,18000,100,0,0,1,1,1,1,1,1,1,1,0.140000,0.120000,0.020000,0.110000,0.010000,0.000000,0.000000,0.000000,36,0,36,1.000000,True,100
blocksworld,p13.pddl,0.210000,28,-,18000,100,0,0,1,1,1,1,1,1,1,1,0.140000,0.110000,0.020000,0.020000,0.010000,0.000000,0.000000,0.010000,36,0,36,1.000000,True,100
blocksworld,p13.pddl,0.190000,28,-,18000,100,0,0,1,1,1,1,1,1,1,1,0.130000,0.120000,0.020000,0.070000,0.010000,0.000000,0.000000,0.000000,36,0,36,1.000000,True,100
blocksworld,p14.pddl,0.160000,20,-,18000,100,0,0,1,1,1,1,1,1,1,1,0.080000,0.080000,0.030000,0.020000,0.000000,0.000000,0.000000,0.010000,27,0,27,1.000000,True,100
blocksworld,p14.pddl,0.160000,20,-,18000,100,0,0,1,1,1,1,1,1,1,1,0.080000,0.060000,0.030000,0.030000,0.000000,0.000000,0.000000,0.010000,27,0,27,1.000000,True,100
blocksworld,p14.pddl,0.160000,20,-,18000,100,0,0,1,1,1,1,1,1,1,1,0.090000,0.070000,0.010000,0.030000,0.020000,0.000000,0.000000,0.000000,27,0,27,1.000000,True,100
blocksworld,p14.pddl,0.180000,20,-,18000,100,0,0,1,1,1,1,1,1,1,1,0.090000,0.070000,0.010000,0.020000,0.020000,0.000000,0.000000,0.020000,27,0,27,1.000000,True,100
blocksworld,p14.pddl,0.160000,20,-,18000,100,0,0,1,1,1,1,1,1,1,1,0.090000,0.080000,0.030000,0.000000,0.010000,0.000000,0.000000,0.000000,27,0,27,1.000000,True,100
blocksworld,p14.pddl,0.170000,20,-,18000,100,0,0,1,1,1,1,1,1,1,1,0.100000,0.060000,0.020000,0.040000,0.000000,0.000000,0.000000,0.000000,27,0,27,1.000000,True,100
blocksworld,p14.pddl,0.180000,20,-,18000,100,0,0,1,1,1,1,1,1,1,1,0.090000,0.080000,0.010000,0.060000,0.010000,0.000000,0.000000,0.000000,27,0,27,1.000000,True,100
blocksworld,p14.pddl,0.180000,20,-,18000,100,0,0,1,1,1,1,1,1,1,1,0.090000,0.080000,0.020000,0.040000,0.010000,0.000000,0.000000,0.000000,27,0,27,1.000000,True,100
blocksworld,p14.pddl,0.160000,20,-,18000,100,0,0,1,1,1,1,1,1,1,1,0.090000,0.080000,0.030000,0.050000,0.000000,0.000000,0.000000,0.000000,27,0,27,1.000000,True,100
blocksworld,p14.pddl,0.160000,20,-,18000,100,0,0,1,1,1,1,1,1,1,1,0.090000,0.080000,0.020000,0.000000,0.010000,0.000000,0.000000,0.010000,27,0,27,1.000000,True,100
blocksworld,p15.pddl,0.200000,28,-,18000,100,0,0,1,1,1,1,1,1,1,1,0.120000,0.110000,0.020000,0.010000,0.010000,0.000000,0.000000,0.010000,42,0,42,1.000000,True,100
blocksworld,p15.pddl,0.210000,28,-,18000,100,0,0,1,1,1,1,1,1,1,1,0.120000,0.110000,0.030000,0.060000,0.010000,0.000000,0.000000,0.020000,42,0,42,1.000000,True,100
blocksworld,p15.pddl,0.200000,28,-,18000,100,0,0,1,1,1,1,1,1,1,1,0.140000,0.100000,0.020000,0.000000,0.010000,0.000000,0.000000,0.000000,42,0,42,1.000000,True,100
blocksworld,p15.pddl,0.210000,28,-,18000,100,0,0,1,1,1,1,1,1,1,1,0.120000,0.090000,0.020000,0.040000,0.010000,0.000000,0.000000,0.020000,42,0,42,1.000000,True,100
blocksworld,p15.pddl,0.210000,28,-,18000,100,0,0,1,1,1,1,1,1,1,1,0.120000,0.100000,0.010000,0.120000,0.020000,0.000000,0.000000,0.020000,42,0,42,1.000000,True,100
blocksworld,p15.pddl,0.210000,28,-,18000,100,0,0,1,1,1,1,1,1,1,1,0.120000,0.090000,0.020000,0.060000,0.010000,0.000000,0.000000,0.020000,42,0,42,1.000000,True,100
blocksworld,p15.pddl,0.210000,28,-,18000,100,0,0,1,1,1,1,1,1,1,1,0.120000,0.100000,0.010000,0.040000,0.020000,0.000000,0.000000,0.020000,42,0,42,1.000000,True,100
blocksworld,p15.pddl,0.190000,28,-,18000,100,0,0,1,1,1,1,1,1,1,1,0.130000,0.090000,0.040000,0.040000,0.010000,0.000000,0.000000,0.000000,42,0,42,1.000000,True,100
blocksworld,p15.pddl,0.210000,28,-,18000,100,0,0,1,1,1,1,1,1,1,1,0.140000,0.100000,0.020000,0.050000,0.010000,0.000000,0.000000,0.000000,42,0,42,1.000000,True,100
blocksworld,p15.pddl,0.200000,28,-,18000,100,0,0,1,1,1,1,1,1,1,1,0.120000,0.080000,0.040000,0.080000,0.020000,0.000000,0.000000,0.020000,42,0,42,1.000000,True,100
blocksworld,p16.pddl,0.250000,43,-,18000,100,0,0,1,1,1,1,1,1,1,1,0.180000,0.140000,0.020000,0.080000,0.030000,0.000000,0.000000,0.010000,56,0,56,1.000000,True,100
blocksworld,p16.pddl,0.260000,43,-,18000,100,0,0,1,1,1,1,1,1,1,1,0.170000,0.140000,0.030000,0.090000,0.030000,0.000000,0.000000,0.020000,56,0,56,1.000000,True,100
blocksworld,p16.pddl,0.280000,43,-,18000,100,0,0,1,1,1,1,1,1,1,1,0.190000,0.160000,0.010000,0.110000,0.020000,0.000000,0.000000,0.020000,56,0,56,1.000000,True,100
blocksworld,p16.pddl,0.250000,43,-,18000,100,0,0,1,1,1,1,1,1,1,1,0.180000,0.130000,0.020000,0.080000,0.010000,0.000000,0.000000,0.010000,56,0,56,1.000000,True,100
blocksworld,p16.pddl,0.310000,43,-,18000,100,0,0,1,1,1,1,1,1,1,1,0.200000,0.180000,0.030000,0.070000,0.010000,0.000000,0.000000,0.020000,56,0,56,1.000000,True,100
blocksworld,p16.pddl,0.270000,43,-,18000,100,0,0,1,1,1,1,1,1,1,1,0.200000,0.120000,0.020000,0.120000,0.030000,0.000000,0.000000,0.010000,56,0,56,1.000000,True,100
blocksworld,p16.pddl,0.280000,43,-,18000,100,0,0,1,1,1,1,1,1,1,1,0.190000,0.160000,0.030000,0.090000,0.030000,0.000000,0.000000,0.010000,56,0,56,1.000000,True,100
blocksworld,p16.pddl,0.250000,43,-,18000,100,0,0,1,1,1,1,1,1,1,1,0.170000,0.140000,0.030000,0.100000,0.020000,0.000000,0.000000,0.000000,56,0,56,1.000000,True,100
blocksworld,p16.pddl,0.280000,43,-,18000,100,0,0,1,1,1,1,1,1,1,1,0.200000,0.140000,0.010000,0.100000,0.020000,0.000000,0.000000,0.010000,56,0,56,1.000000,True,100
blocksworld,p16.pddl,0.260000,43,-,18000,100,0,0,1,1,1,1,1,1,1,1,0.170000,0.130000,0.050000,0.070000,0.020000,0.000000,0.000000,0.020000,56,0,56,1.000000,True,100
blocksworld,p17.pddl,0.220000,33,-,18000,100,0,0,1,1,1,1,1,1,1,1,0.140000,0.110000,0.010000,0.060000,0.020000,0.000000,0.000000,0.010000,43,0,43,1.000000,True,100
blocksworld,p17.pddl,0.220000,33,-,18000,100,0,0,1,1,1,1,1,1,1,1,0.140000,0.110000,0.020000,0.040000,0.010000,0.000000,0.000000,0.010000,43,0,43,1.000000,True,100
blocksworld,p17.pddl,0.220000,33,-,18000,100,0,0,1,1,1,1,1,1,1,1,0.140000,0.100000,0.010000,0.040000,0.040000,0.000000,0.000000,0.010000,43,0,43,1.000000,True,100
blocksworld,p17.pddl,0.220000,33,-,18000,100,0,0,1,1,1,1,1,1,1,1,0.150000,0.120000,0.010000,0.060000,0.020000,0.000000,0.000000,0.000000,43,0,43,1.000000,True,100
blocksworld,p17.pddl,0.220000,33,-,18000,100,0,0,1,1,1,1,1,1,1,1,0.130000,0.100000,0.020000,0.090000,0.030000,0.000000,0.000000,0.020000,43,0,43,1.000000,True,100
blocksworld,p17.pddl,0.220000,33,-,18000,100,0,0,1,1,1,1,1,1,1,1,0.160000,0.130000,0.020000,0.070000,0.010000,0.000000,0.000000,0.000000,43,0,43,1.000000,True,100
blocksworld,p17.pddl,0.210000,33,-,18000,100,0,0,1,1,1,1,1,1,1,1,0.140000,0.130000,0.020000,0.080000,0.010000,0.000000,0.000000,0.000000,43,0,43,1.000000,True,100
blocksworld,p17.pddl,0.220000,33,-,18000,100,0,0,1,1,1,1,1,1,1,1,0.140000,0.100000,0.010000,0.040000,0.040000,0.000000,0.000000,0.010000,43,0,43,1.000000,True,100
blocksworld,p17.pddl,0.190000,33,-,18000,100,0,0,1,1,1,1,1,1,1,1,0.130000,0.120000,0.020000,0.060000,0.010000,0.000000,0.000000,0.000000,43,0,43,1.000000,True,100
blocksworld,p17.pddl,0.210000,33,-,18000,100,0,0,1,1,1,1,1,1,1,1,0.130000,0.100000,0.020000,0.030000,0.010000,0.000000,0.000000,0.020000,43,0,43,1.000000,True,100
blocksworld,p18.pddl,0.160000,19,-,18000,100,0,0,1,1,1,1,1,1,1,1,0.090000,0.070000,0.010000,0.040000,0.020000,0.000000,0.000000,0.000000,26,0,26,1.000000,True,100
blocksworld,p18.pddl,0.180000,19,-,18000,100,0,0,1,1,1,1,1,1,1,1,0.090000,0.070000,0.010000,0.020000,0.020000,0.000000,0.000000,0.020000,26,0,26,1.000000,True,100
blocksworld,p18.pddl,0.160000,19,-,18000,100,0,0,1,1,1,1,1,1,1,1,0.090000,0.070000,0.030000,0.050000,0.020000,0.000000,0.000000,0.000000,26,0,26,1.000000,True,100
blocksworld,p18.pddl,0.170000,19,-,18000,100,0,0,1,1,1,1,1,1,1,1,0.100000,0.090000,0.030000,0.040000,0.010000,0.000000,0.000000,0.000000,26,0,26,1.000000,True,100
blocksworld,p18.pddl,0.160000,19,-,18000,100,0,0,1,1,1,1,1,1,1,1,0.100000,0.070000,0.020000,0.050000,0.020000,0.010000,0.000000,0.000000,26,0,26,1.000000,True,100
blocksworld,p18.pddl,0.190000,19,-,18000,100,0,0,1,1,1,1,1,1,1,1,0.100000,0.080000,0.010000,0.020000,0.020000,0.000000,0.000000,0.010000,26,0,26,1.000000,True,100
blocksworld,p18.pddl,0.160000,19,-,18000,100,0,0,1,1,1,1,1,1,1,1,0.090000,0.070000,0.030000,0.030000,0.000000,0.000000,0.000000,0.000000,26,0,26,1.000000,True,100
blocksworld,p18.pddl,0.160000,19,-,18000,100,0,0,1,1,1,1,1,1,1,1,0.090000,0.080000,0.030000,0.040000,0.000000,0.000000,0.000000,0.000000,26,0,26,1.000000,True,100
blocksworld,p18.pddl,0.180000,19,-,18000,100,0,0,1,1,1,1,1,1,1,1,0.090000,0.080000,0.020000,0.080000,0.010000,0.000000,0.000000,0.020000,26,0,26,1.000000,True,100
blocksworld,p18.pddl,0.160000,19,-,18000,100,0,0,1,1,1,1,1,1,1,1,0.090000,0.070000,0.030000,0.020000,0.020000,0.000000,0.000000,0.000000,26,0,26,1.000000,True,100
blocksworld,p19.pddl,0.270000,41,-,18000,100,0,0,1,1,1,1,1,1,1,1,0.200000,0.150000,0.010000,0.050000,0.030000,0.000000,0.000000,0.000000,56,0,56,1.000000,True,100
blocksworld,p19.pddl,0.250000,41,-,18000,100,0,0,1,1,1,1,1,1,1,1,0.180000,0.140000,0.020000,0.120000,0.020000,0.000000,0.000000,0.010000,56,0,56,1.000000,True,100
blocksworld,p19.pddl,0.270000,41,-,18000,100,0,0,1,1,1,1,1,1,1,1,0.180000,0.150000,0.030000,0.060000,0.020000,0.000000,0.000000,0.020000,56,0,56,1.000000,True,100
blocksworld,p19.pddl,0.290000,41,-,18000,100,0,0,1,1,1,1,1,1,1,1,0.180000,0.140000,0.020000,0.040000,0.030000,0.000000,0.000000,0.020000,56,0,56,1.000000,True,100
blocksworld,p19.pddl,0.290000,41,-,18000,100,0,0,1,1,1,1,1,1,1,1,0.200000,0.150000,0.010000,0.110000,0.030000,0.000000,0.000000,0.020000,56,0,56,1.000000,True,100
blocksworld,p19.pddl,0.270000,41,-,18000,100,0,0,1,1,1,1,1,1,1,1,0.170000,0.140000,0.030000,0.070000,0.010000,0.000000,0.000000,0.010000,56,0,56,1.000000,True,100
blocksworld,p19.pddl,0.280000,41,-,18000,100,0,0,1,1,1,1,1,1,1,1,0.200000,0.150000,0.020000,0.120000,0.030000,0.000000,0.000000,0.020000,56,0,56,1.000000,True,100
blocksworld,p19.pddl,0.290000,41,-,18000,100,0,0,1,1,1,1,1,1,1,1,0.210000,0.160000,0.030000,0.080000,0.020000,0.000000,0.000000,0.000000,56,0,56,1.000000,True,100
blocksworld,p19.pddl,0.270000,41,-,18000,100,0,0,1,1,1,1,1,1,1,1,0.190000,0.140000,0.010000,0.060000,0.030000,0.000000,0.000000,0.010000,56,0,56,1.000000,True,100
blocksworld,p19.pddl,0.280000,41,-,18000,100,0,0,1,1,1,1,1,1,1,1,0.190000,0.160000,0.030000,0.100000,0.010000,0.000000,0.000000,0.020000,56,0,56,1.000000,True,100
blocksworld,p20.pddl,0.210000,29,-,18000,100,0,0,1,1,1,1,1,1,1,1,0.150000,0.120000,0.020000,0.080000,0.010000,0.000000,0.000000,0.000000,42,0,42,1.000000,True,100
blocksworld,p20.pddl,0.210000,29,-,18000,100,0,0,1,1,1,1,1,1,1,1,0.140000,0.110000,0.030000,0.080000,0.020000,0.000000,0.000000,0.000000,42,0,42,1.000000,True,100
blocksworld,p20.pddl,0.220000,29,-,18000,100,0,0,1,1,1,1,1,1,1,1,0.130000,0.110000,0.020000,0.070000,0.010000,0.000000,0.000000,0.020000,42,0,42,1.000000,True,100
blocksworld,p20.pddl,0.230000,29,-,18000,100,0,0,1,1,1,1,1,1,1,1,0.140000,0.110000,0.020000,0.060000,0.010000,0.000000,0.000000,0.020000,42,0,42,1.000000,True,100
blocksworld,p20.pddl,0.210000,29,-,18000,100,0,0,1,1,1,1,1,1,1,1,0.130000,0.120000,0.020000,0.050000,0.010000,0.000000,0.000000,0.020000,42,0,42,1.000000,True,100
blocksworld,p20.pddl,0.230000,29,-,18000,100,0,0,1,1,1,1,1,1,1,1,0.140000,0.100000,0.010000,0.070000,0.020000,0.000000,0.000000,0.020000,42,0,42,1.000000,True,100
blocksworld,p20.pddl,0.230000,29,-,18000,100,0,0,1,1,1,1,1,1,1,1,0.140000,0.130000,0.020000,0.090000,0.010000,0.000000,0.000000,0.020000,42,0,42,1.000000,True,100
blocksworld,p20.pddl,0.240000,29,-,18000,100,0,0,1,1,1,1,1,1,1,1,0.150000,0.130000,0.020000,0.070000,0.020000,0.000000,0.000000,0.020000,42,0,42,1.000000,True,100
blocksworld,p20.pddl,0.200000,29,-,18000,100,0,0,1,1,1,1,1,1,1,1,0.130000,0.110000,0.030000,0.010000,0.000000,0.000000,0.000000,0.000000,42,0,42,1.000000,True,100
blocksworld,p20.pddl,0.220000,29,-,18000,100,0,0,1,1,1,1,1,1,1,1,0.140000,0.120000,0.010000,0.110000,0.020000,0.000000,0.000000,0.010000,42,0,42,1.000000,True,100
blocksworld,p21.pddl,0.740000,58,-,18000,100,0,0,1,1,1,1,1,1,1,1,0.390000,0.220000,0.170000,0.090000,0.080000,0.000000,0.000000,0.010000,73,0,73,1.000000,True,100
blocksworld,p21.pddl,0.730000,58,-,18000,100,0,0,1,1,1,1,1,1,1,1,0.370000,0.230000,0.180000,0.110000,0.080000,0.000000,0.000000,0.020000,73,0,73,1.000000,True,100
blocksworld,p21.pddl,0.730000,58,-,18000,100,0,0,1,1,1,1,1,1,1,1,0.380000,0.260000,0.150000,0.200000,0.080000,0.000000,0.000000,0.020000,73,0,73,1.000000,True,100
blocksworld,p21.pddl,0.740000,58,-,18000,100,0,0,1,1,1,1,1,1,1,1,0.360000,0.220000,0.170000,0.110000,0.080000,0.000000,0.000000,0.030000,73,0,73,1.000000,True,100
blocksworld,p21.pddl,0.750000,58,-,18000,100,0,0,1,1,1,1,1,1,1,1,0.400000,0.240000,0.150000,0.180000,0.090000,0.020000,0.000000,0.020000,73,0,73,1.000000,True,100
blocksworld,p21.pddl,0.790000,58,-,18000,100,0,0,1,1,1,1,1,1,1,1,0.430000,0.250000,0.160000,0.110000,0.140000,0.000000,0.000000,0.010000,73,0,73,1.000000,True,100
blocksworld,p21.pddl,0.740000,58,-,18000,100,0,0,1,1,1,1,1,1,1,1,0.360000,0.220000,0.160000,0.150000,0.080000,0.000000,0.000000,0.010000,73,0,73,1.000000,True,100
blocksworld,p21.pddl,0.770000,58,-,18000,100,0,0,1,1,1,1,1,1,1,1,0.390000,0.230000,0.150000,0.160000,0.110000,0.000000,0.000000,0.030000,73,0,73,1.000000,True,100
blocksworld,p21.pddl,0.820000,58,-,18000,100,0,0,1,1,1,1,1,1,1,1,0.380000,0.210000,0.200000,0.140000,0.080000,0.000000,0.000000,0.010000,73,0,73,1.000000,True,100
blocksworld,p21.pddl,0.730000,58,-,18000,100,0,0,1,1,1,1,1,1,1,1,0.380000,0.210000,0.170000,0.130000,0.120000,0.000000,0.000000,0.020000,73,0,73,1.000000,True,100
blocksworld,p22.pddl,0.710000,54,-,18000,100,0,0,1,1,1,1,1,1,1,1,0.350000,0.190000,0.180000,0.120000,0.090000,0.000000,0.000000,0.020000,72,0,72,1.000000,True,100
blocksworld,p22.pddl,0.720000,54,-,18000,100,0,0,1,1,1,1,1,1,1,1,0.380000,0.200000,0.140000,0.100000,0.110000,0.000000,0.000000,0.010000,72,0,72,1.000000,True,100
blocksworld,p22.pddl,0.710000,54,-,18000,100,0,0,1,1,1,1,1,1,1,1,0.350000,0.190000,0.160000,0.120000,0.120000,0.000000,0.000000,0.020000,72,0,72,1.000000,True,100
blocksworld,p22.pddl,0.770000,54,-,18000,100,0,0,1,1,1,1,1,1,1,1,0.400000,0.220000,0.150000,0.210000,0.100000,0.000000,0.000000,0.010000,72,0,72,1.000000,True,100
blocksworld,p22.pddl,0.740000,54,-,18000,100,0,0,1,1,1,1,1,1,1,1,0.380000,0.230000,0.160000,0.160000,0.110000,0.000000,0.000000,0.010000,72,0,72,1.000000,True,100
blocksworld,p22.pddl,0.740000,54,-,18000,100,0,0,1,1,1,1,1,1,1,1,0.360000,0.210000,0.180000,0.120000,0.090000,0.000000,0.000000,0.010000,72,0,72,1.000000,True,100
blocksworld,p22.pddl,0.760000,54,-,18000,100,0,0,1,1,1,1,1,1,1,1,0.340000,0.180000,0.170000,0.160000,0.110000,0.000000,0.000000,0.040000,72,0,72,1.000000,True,100
blocksworld,p22.pddl,0.830000,54,-,18000,100,0,0,1,1,1,1,1,1,1,1,0.430000,0.220000,0.170000,0.130000,0.130000,0.000000,0.000000,0.010000,72,0,72,1.000000,True,100
blocksworld,p22.pddl,0.720000,54,-,18000,100,0,0,1,1,1,1,1,1,1,1,0.370000,0.200000,0.160000,0.160000,0.100000,0.000000,0.000000,0.020000,72,0,72,1.000000,True,100
blocksworld,p22.pddl,0.790000,54,-,18000,100,0,0,1,1,1,1,1,1,1,1,0.420000,0.220000,0.180000,0.120000,0.140000,0.000000,0.000000,0.020000,72,0,72,1.000000,True,100
blocksworld,p23.pddl,0.710000,49,-,18000,100,0,0,1,1,1,1,1,1,1,1,0.370000,0.200000,0.150000,0.170000,0.100000,0.000000,0.000000,0.010000,69,0,69,1.000000,True,100
blocksworld,p23.pddl,0.740000,49,-,18000,100,0,0,1,1,1,1,1,1,1,1,0.340000,0.190000,0.190000,0.090000,0.090000,0.000000,0.000000,0.010000,69,0,69,1.000000,True,100
blocksworld,p23.pddl,0.720000,49,-,18000,100,0,0,1,1,1,1,1,1,1,1,0.380000,0.190000,0.150000,0.150000,0.120000,0.000000,0.000000,0.020000,69,0,69,1.000000,True,100
blocksworld,p23.pddl,0.740000,49,-,18000,100,0,0,1,1,1,1,1,1,1,1,0.330000,0.200000,0.180000,0.120000,0.070000,0.000000,0.000000,0.020000,69,0,69,1.000000,True,100
blocksworld,p23.pddl,0.740000,49,-,18000,100,0,0,1,1,1,1,1,1,1,1,0.370000,0.200000,0.170000,0.120000,0.110000,0.000000,0.000000,0.020000,69,0,69,1.000000,True,100
blocksworld,p23.pddl,0.710000,49,-,18000,100,0,0,1,1,1,1,1,1,1,1,0.350000,0.210000,0.180000,0.100000,0.090000,0.000000,0.000000,0.010000,69,0,69,1.000000,True,100
blocksworld,p23.pddl,0.760000,49,-,18000,100,0,0,1,1,1,1,1,1,1,1,0.360000,0.210000,0.190000,0.110000,0.110000,0.000000,0.000000,0.020000,69,0,69,1.000000,True,100
blocksworld,p23.pddl,0.710000,49,-,18000,100,0,0,1,1,1,1,1,1,1,1,0.350000,0.210000,0.160000,0.140000,0.090000,0.000000,0.000000,0.020000,69,0,69,1.000000,True,100
blocksworld,p23.pddl,0.690000,49,-,18000,100,0,0,1,1,1,1,1,1,1,1,0.340000,0.200000,0.170000,0.120000,0.080000,0.000000,0.000000,0.010000,69,0,69,1.000000,True,100
blocksworld,p23.pddl,0.690000,49,-,18000,100,0,0,1,1,1,1,1,1,1,1,0.330000,0.200000,0.170000,0.090000,0.080000,0.000000,0.000000,0.020000,69,0,69,1.000000,True,100
blocksworld,p24.pddl,0.850000,82,-,18000,100,0,0,1,1,1,1,1,1,1,1,0.500000,0.280000,0.160000,0.160000,0.110000,0.000000,0.000000,0.030000,107,0,107,1.000000,True,100
blocksworld,p24.pddl,0.870000,82,-,18000,100,0,0,1,1,1,1,1,1,1,1,0.500000,0.280000,0.150000,0.210000,0.110000,0.000000,0.000000,0.040000,107,0,107,1.000000,True,100
blocksworld,p24.pddl,0.850000,82,-,18000,100,0,0,1,1,1,1,1,1,1,1,0.500000,0.270000,0.140000,0.210000,0.110000,0.000000,0.000000,0.030000,107,0,107,1.000000,True,100
blocksworld,p24.pddl,0.870000,82,-,18000,100,0,0,1,1,1,1,1,1,1,1,0.490000,0.280000,0.160000,0.170000,0.110000,0.000000,0.000000,0.040000,107,0,107,1.000000,True,100
blocksworld,p24.pddl,0.870000,82,-,18000,100,0,0,1,1,1,1,1,1,1,1,0.510000,0.270000,0.140000,0.230000,0.130000,0.000000,0.000000,0.040000,107,0,107,1.000000,True,100
blocksworld,p24.pddl,0.850000,82,-,18000,100,0,0,1,1,1,1,1,1,1,1,0.480000,0.270000,0.180000,0.150000,0.130000,0.000000,0.000000,0.030000,107,0,107,1.000000,True,100
blocksworld,p24.pddl,0.900000,82,-,18000,100,0,0,1,1,1,1,1,1,1,1,0.520000,0.290000,0.170000,0.140000,0.150000,0.000000,0.000000,0.030000,107,0,107,1.000000,True,100
blocksworld,p24.pddl,0.930000,82,-,18000,100,0,0,1,1,1,1,1,1,1,1,0.550000,0.300000,0.160000,0.260000,0.150000,0.000000,0.000000,0.040000,107,0,107,1.000000,True,100
blocksworld,p24.pddl,0.930000,82,-,18000,100,0,0,1,1,1,1,1,1,1,1,0.540000,0.310000,0.160000,0.190000,0.130000,0.000000,0.000000,0.030000,107,0,107,1.000000,True,100
blocksworld,p24.pddl,0.910000,82,-,18000,100,0,0,1,1,1,1,1,1,1,1,0.540000,0.280000,0.180000,0.150000,0.140000,0.000000,0.000000,0.020000,107,0,107,1.000000,True,100
blocksworld,p25.pddl,0.770000,59,-,18000,100,0,0,1,1,1,1,1,1,1,1,0.430000,0.220000,0.150000,0.160000,0.140000,0.000000,0.000000,0.010000,80,0,80,1.000000,True,100
blocksworld,p25.pddl,0.740000,59,-,18000,100,0,0,1,1,1,1,1,1,1,1,0.380000,0.200000,0.180000,0.110000,0.110000,0.000000,0.000000,0.020000,80,0,80,1.000000,True,100
blocksworld,p25.pddl,0.760000,59,-,18000,100,0,0,1,1,1,1,1,1,1,1,0.400000,0.210000,0.170000,0.110000,0.130000,0.000000,0.000000,0.020000,80,0,80,1.000000,True,100
blocksworld,p25.pddl,0.750000,59,-,18000,100,0,0,1,1,1,1,1,1,1,1,0.400000,0.220000,0.150000,0.220000,0.120000,0.000000,0.000000,0.020000,80,0,80,1.000000,True,100
blocksworld,p25.pddl,0.740000,59,-,18000,100,0,0,1,1,1,1,1,1,1,1,0.390000,0.230000,0.160000,0.190000,0.110000,0.000000,0.000000,0.010000,80,0,80,1.000000,True,100
blocksworld,p25.pddl,0.740000,59,-,18000,100,0,0,1,1,1,1,1,1,1,1,0.370000,0.220000,0.160000,0.190000,0.090000,0.000000,0.000000,0.030000,80,0,80,1.000000,True,100
blocksworld,p25.pddl,0.760000,59,-,18000,100,0,0,1,1,1,1,1,1,1,1,0.390000,0.200000,0.150000,0.150000,0.110000,0.020000,0.000000,0.020000,80,0,80,1.000000,True,100
blocksworld,p25.pddl,0.780000,59,-,18000,100,0,0,1,1,1,1,1,1,1,1,0.430000,0.230000,0.170000,0.140000,0.160000,0.000000,0.000000,0.010000,80,0,80,1.000000,True,100
blocksworld,p25.pddl,0.820000,59,-,18000,100,0,0,1,1,1,1,1,1,1,1,0.430000,0.220000,0.190000,0.170000,0.130000,0.000000,0.000000,0.030000,80,0,80,1.000000,True,100
blocksworld,p25.pddl,0.720000,59,-,18000,100,0,0,1,1,1,1,1,1,1,1,0.370000,0.220000,0.170000,0.090000,0.120000,0.000000,0.000000,0.020000,80,0,80,1.000000,True,100
blocksworld,p26.pddl,0.600000,44,-,18000,100,0,0,1,1,1,1,1,1,1,1,0.240000,0.150000,0.160000,0.090000,0.040000,0.000000,0.000000,0.020000,57,0,57,1.000000,True,100
blocksworld,p26.pddl,0.710000,44,-,18000,100,0,0,1,1,1,1,1,1,1,1,0.300000,0.150000,0.180000,0.120000,0.060000,0.000000,0.000000,0.020000,57,0,57,1.000000,True,100
blocksworld,p26.pddl,0.630000,44,-,18000,100,0,0,1,1,1,1,1,1,1,1,0.280000,0.180000,0.160000,0.130000,0.050000,0.000000,0.000000,0.010000,57,0,57,1.000000,True,100
blocksworld,p26.pddl,0.600000,44,-,18000,100,0,0,1,1,1,1,1,1,1,1,0.260000,0.160000,0.170000,0.090000,0.050000,0.000000,0.000000,0.010000,57,0,57,1.000000,True,100
blocksworld,p26.pddl,0.680000,44,-,18000,100,0,0,1,1,1,1,1,1,1,1,0.250000,0.160000,0.220000,0.080000,0.050000,0.020000,0.000000,0.010000,57,0,57,1.000000,True,100
blocksworld,p26.pddl,0.620000,44,-,18000,100,0,0,1,1,1,1,1,1,1,1,0.270000,0.180000,0.160000,0.180000,0.050000,0.000000,0.000000,0.020000,57,0,57,1.000000,True,100
blocksworld,p26.pddl,0.630000,44,-,18000,100,0,0,1,1,1,1,1,1,1,1,0.270000,0.160000,0.160000,0.110000,0.050000,0.000000,0.000000,0.010000,57,0,57,1.000000,True,100
blocksworld,p26.pddl,0.640000,44,-,18000,100,0,0,1,1,1,1,1,1,1,1,0.280000,0.170000,0.160000,0.090000,0.080000,0.000000,0.000000,0.010000,57,0,57,1.000000,True,100
blocksworld,p26.pddl,0.650000,44,-,18000,100,0,0,1,1,1,1,1,1,1,1,0.310000,0.170000,0.140000,0.160000,0.080000,0.000000,0.000000,0.020000,57,0,57,1.000000,True,100
blocksworld,p26.pddl,0.640000,44,-,18000,100,0,0,1,1,1,1,1,1,1,1,0.270000,0.150000,0.170000,0.080000,0.050000,0.000000,0.000000,0.020000,57,0,57,1.000000,True,100
blocksworld,p27.pddl,0.850000,70,-,18000,100,0,0,1,1,1,1,1,1,1,1,0.460000,0.240000,0.160000,0.140000,0.110000,0.000000,0.000000,0.040000,93,0,93,1.000000,True,100
blocksworld,p27.pddl,0.870000,70,-,18000,100,0,0,1,1,1,1,1,1,1,1,0.500000,0.260000,0.190000,0.180000,0.140000,0.000000,0.000000,0.020000,93,0,93,1.000000,True,100
blocksworld,p27.pddl,0.790000,70,-,18000,100,0,0,1,1,1,1,1,1,1,1,0.430000,0.230000,0.150000,0.120000,0.130000,0.000000,0.000000,0.010000,93,0,93,1.000000,True,100
blocksworld,p27.pddl,0.800000,70,-,18000,100,0,0,1,1,1,1,1,1,1,1,0.430000,0.230000,0.180000,0.120000,0.110000,0.000000,0.000000,0.030000,93,0,93,1.000000,True,100
blocksworld,p27.pddl,0.800000,70,-,18000,100,0,0,1,1,1,1,1,1,1,1,0.450000,0.260000,0.160000,0.200000,0.100000,0.000000,0.000000,0.010000,93,0,93,1.000000,True,100
blocksworld,p27.pddl,0.780000,70,-,18000,100,0,0,1,1,1,1,1,1,1,1,0.450000,0.250000,0.140000,0.170000,0.110000,0.000000,0.000000,0.010000,93,0,93,1.000000,True,100
blocksworld,p27.pddl,0.840000,70,-,18000,100,0,0,1,1,1,1,1,1,1,1,0.480000,0.240000,0.170000,0.180000,0.150000,0.000000,0.000000,0.040000,93,0,93,1.000000,True,100
blocksworld,p27.pddl,0.780000,70,-,18000,100,0,0,1,1,1,1,1,1,1,1,0.430000,0.230000,0.140000,0.120000,0.120000,0.000000,0.000000,0.010000,93,0,93,1.000000,True,100
blocksworld,p27.pddl,0.820000,70,-,18000,100,0,0,1,1,1,1,1,1,1,1,0.460000,0.260000,0.150000,0.170000,0.120000,0.000000,0.000000,0.030000,93,0,93,1.000000,True,100
blocksworld,p27.pddl,0.800000,70,-,18000,100,0,0,1,1,1,1,1,1,1,1,0.450000,0.240000,0.140000,0.230000,0.130000,0.000000,0.000000,0.030000,93,0,93,1.000000,True,100
blocksworld,p28.pddl,0.660000,52,-,18000,100,0,0,1,1,1,1,1,1,1,1,0.300000,0.190000,0.160000,0.120000,0.070000,0.000000,0.000000,0.020000,67,0,67,1.000000,True,100
blocksworld,p28.pddl,0.670000,52,-,18000,100,0,0,1,1,1,1,1,1,1,1,0.320000,0.180000,0.150000,0.090000,0.070000,0.000000,0.000000,0.020000,67,0,67,1.000000,True,100
blocksworld,p28.pddl,0.660000,52,-,18000,100,0,0,1,1,1,1,1,1,1,1,0.310000,0.210000,0.160000,0.110000,0.070000,0.000000,0.000000,0.010000,67,0,67,1.000000,True,100
blocksworld,p28.pddl,0.650000,52,-,18000,100,0,0,1,1,1,1,1,1,1,1,0.290000,0.190000,0.160000,0.120000,0.040000,0.000000,0.000000,0.020000,67,0,67,1.000000,True,100
blocksworld,p28.pddl,0.660000,52,-,18000,100,0,0,1,1,1,1,1,1,1,1,0.290000,0.190000,0.160000,0.100000,0.060000,0.000000,0.000000,0.020000,67,0,67,1.000000,True,100
blocksworld,p28.pddl,0.630000,52,-,18000,100,0,0,1,1,1,1,1,1,1,1,0.290000,0.180000,0.160000,0.090000,0.060000,0.000000,0.000000,0.020000,67,0,67,1.000000,True,100
blocksworld,p28.pddl,0.650000,52,-,18000,100,0,0,1,1,1,1,1,1,1,1,0.310000,0.200000,0.150000,0.060000,0.060000,0.000000,0.000000,0.010000,67,0,67,1.000000,True,100
blocksworld,p28.pddl,0.670000,52,-,18000,100,0,0,1,1,1,1,1,1,1,1,0.310000,0.200000,0.160000,0.080000,0.090000,0.000000,0.000000,0.020000,67,0,67,1.000000,True,100
blocksworld,p28.pddl,0.670000,52,-,18000,100,0,0,1,1,1,1,1,1,1,1,0.330000,0.180000,0.150000,0.150000,0.070000,0.000000,0.000000,0.010000,67,0,67,1.000000,True,100
blocksworld,p28.pddl,0.660000,52,-,18000,100,0,0,1,1,1,1,1,1,1,1,0.320000,0.200000,0.150000,0.090000,0.100000,0.000000,0.000000,0.010000,67,0,67,1.000000,True,100
blocksworld,p29.pddl,0.960000,76,-,18000,100,0,0,1,1,1,1,1,1,1,1,0.570000,0.270000,0.180000,0.140000,0.180000,0.000000,0.000000,0.030000,97,0,97,1.000000,True,100
blocksworld,p29.pddl,0.890000,76,-,18000,100,0,0,1,1,1,1,1,1,1,1,0.500000,0.260000,0.200000,0.150000,0.120000,0.000000,0.000000,0.040000,97,0,97,1.000000,True,100
blocksworld,p29.pddl,0.820000,76,-,18000,100,0,0,1,1,1,1,1,1,1,1,0.480000,0.260000,0.160000,0.100000,0.130000,0.000000,0.000000,0.020000,97,0,97,1.000000,True,100
blocksworld,p29.pddl,0.880000,76,-,18000,100,0,0,1,1,1,1,1,1,1,1,0.510000,0.260000,0.160000,0.200000,0.120000,0.000000,0.000000,0.030000,97,0,97,1.000000,True,100
blocksworld,p29.pddl,0.900000,76,-,18000,100,0,0,1,1,1,1,1,1,1,1,0.510000,0.270000,0.150000,0.220000,0.130000,0.000000,0.000000,0.040000,97,0,97,1.000000,True,100
blocksworld,p29.pddl,0.930000,76,-,18000,100,0,0,1,1,1,1,1,1,1,1,0.560000,0.310000,0.160000,0.130000,0.130000,0.020000,0.000000,0.010000,97,0,97,1.000000,True,100
blocksworld,p29.pddl,0.880000,76,-,18000,100,0,0,1,1,1,1,1,1,1,1,0.500000,0.300000,0.170000,0.150000,0.130000,0.000000,0.000000,0.010000,97,0,97,1.000000,True,100
blocksworld,p29.pddl,0.900000,76,-,18000,100,0,0,1,1,1,1,1,1,1,1,0.540000,0.290000,0.150000,0.210000,0.130000,0.000000,0.000000,0.030000,97,0,97,1.000000,True,100
blocksworld,p29.pddl,0.880000,76,-,18000,100,0,0,1,1,1,1,1,1,1,1,0.520000,0.280000,0.170000,0.160000,0.110000,0.000000,0.000000,0.010000,97,0,97,1.000000,True,100
blocksworld,p29.pddl,0.870000,76,-,18000,100,0,0,1,1,1,1,1,1,1,1,0.480000,0.270000,0.150000,0.130000,0.110000,0.000000,0.000000,0.040000,97,0,97,1.000000,True,100
blocksworld,p30.pddl,0.710000,54,-,18000,100,0,0,1,1,1,1,1,1,1,1,0.350000,0.230000,0.160000,0.120000,0.060000,0.000000,0.000000,0.010000,72,0,72,1.000000,True,100
blocksworld,p30.pddl,0.840000,54,-,18000,100,0,0,1,1,1,1,1,1,1,1,0.400000,0.220000,0.210000,0.160000,0.150000,0.000000,0.000000,0.020000,72,0,72,1.000000,True,100
blocksworld,p30.pddl,0.710000,54,-,18000,100,0,0,1,1,1,1,1,1,1,1,0.350000,0.200000,0.140000,0.120000,0.080000,0.000000,0.000000,0.020000,72,0,72,1.000000,True,100
blocksworld,p30.pddl,0.700000,54,-,18000,100,0,0,1,1,1,1,1,1,1,1,0.360000,0.230000,0.140000,0.150000,0.070000,0.000000,0.000000,0.020000,72,0,72,1.000000,True,100
blocksworld,p30.pddl,0.720000,54,-,18000,100,0,0,1,1,1,1,1,1,1,1,0.370000,0.190000,0.150000,0.180000,0.080000,0.000000,0.000000,0.020000,72,0,72,1.000000,True,100
blocksworld,p30.pddl,0.770000,54,-,18000,100,0,0,1,1,1,1,1,1,1,1,0.370000,0.200000,0.170000,0.160000,0.080000,0.000000,0.000000,0.020000,72,0,72,1.000000,True,100
blocksworld,p30.pddl,0.760000,54,-,18000,100,0,0,1,1,1,1,1,1,1,1,0.380000,0.220000,0.190000,0.100000,0.080000,0.000000,0.000000,0.020000,72,0,72,1.000000,True,100
blocksworld,p30.pddl,0.720000,54,-,18000,100,0,0,1,1,1,1,1,1,1,1,0.360000,0.190000,0.150000,0.170000,0.080000,0.000000,0.000000,0.030000,72,0,72,1.000000,True,100
blocksworld,p30.pddl,0.720000,54,-,18000,100,0,0,1,1,1,1,1,1,1,1,0.360000,0.210000,0.130000,0.090000,0.110000,0.000000,0.000000,0.010000,72,0,72,1.000000,True,100
blocksworld,p30.pddl,0.710000,54,-,18000,100,0,0,1,1,1,1,1,1,1,1,0.340000,0.220000,0.170000,0.120000,0.070000,0.000000,0.000000,0.020000,72,0,72,1.000000,True,100domain,problem,runtime,size,status,jic-limit,trials,forgetpolicy,fullstate,planlocal,partial-planlocal,plan-with-policy,limit-planlocal,detect-deadends,generalize-deadends,online-deadends,optimized-scd,jic time,policy eval,policy creation,policy use,search time,engine time,regression time,simulator time,successful states,replans,actions,policy score,strongly cyclic,succeeded
blocksworld,p1.pddl,0.000000,0,-,18000,100,0,0,1,1,1,1,1,1,1,1,0.000000,0.000000,0.000000,0.000000,0.000000,0.000000,0.000000,0.000000,0,0,0,0.000000,False,0
blocksworld,p1.pddl,0.000000,0,-,18000,100,0,0,1,1,1,1,1,1,1,1,0.000000,0.000000,0.000000,0.000000,0.000000,0.000000,0.000000,0.000000,0,0,0,0.000000,False,0
blocksworld,p1.pddl,0.000000,0,-,18000,100,0,0,1,1,1,1,1,1,1,1,0.000000,0.000000,0.000000,0.000000,0.000000,0.000000,0.000000,0.000000,0,0,0,0.000000,False,0
blocksworld,p1.pddl,0.000000,0,-,18000,100,0,0,1,1,1,1,1,1,1,1,0.000000,0.000000,0.000000,0.000000,0.000000,0.000000,0.000000,0.000000,0,0,0,0.000000,False,0
blocksworld,p1.pddl,0.000000,0,-,18000,100,0,0,1,1,1,1,1,1,1,1,0.000000,0.000000,0.000000,0.000000,0.000000,0.000000,0.000000,0.000000,0,0,0,0.000000,False,0
blocksworld,p1.pddl,0.000000,0,-,18000,100,0,0,1,1,1,1,1,1,1,1,0.000000,0.000000,0.000000,0.000000,0.000000,0.000000,0.000000,0.000000,0,0,0,0.000000,False,0
blocksworld,p1.pddl,0.000000,0,-,18000,100,0,0,1,1,1,1,1,1,1,1,0.000000,0.000000,0.000000,0.000000,0.000000,0.000000,0.000000,0.000000,0,0,0,0.000000,False,0
blocksworld,p1.pddl,0.000000,0,-,18000,100,0,0,1,1,1,1,1,1,1,1,0.000000,0.000000,0.000000,0.000000,0.000000,0.000000,0.000000,0.000000,0,0,0,0.000000,False,0
blocksworld,p1.pddl,0.000000,0,-,18000,100,0,0,1,1,1,1,1,1,1,1,0.000000,0.000000,0.000000,0.000000,0.000000,0.000000,0.000000,0.000000,0,0,0,0.000000,False,0
blocksworld,p1.pddl,0.000000,0,-,18000,100,0,0,1,1,1,1,1,1,1,1,0.000000,0.000000,0.000000,0.000000,0.000000,0.000000,0.000000,0.000000,0,0,0,0.000000,False,0
blocksworld,p2.pddl,0.000000,0,-,18000,100,0,0,1,1,1,1,1,1,1,1,0.000000,0.000000,0.000000,0.000000,0.000000,0.000000,0.000000,0.000000,0,0,0,0.000000,False,0
blocksworld,p2.pddl,0.000000,0,-,18000,100,0,0,1,1,1,1,1,1,1,1,0.000000,0.000000,0.000000,0.000000,0.000000,0.000000,0.000000,0.000000,0,0,0,0.000000,False,0
blocksworld,p2.pddl,0.000000,0,-,18000,100,0,0,1,1,1,1,1,1,1,1,0.000000,0.000000,0.000000,0.000000,0.000000,0.000000,0.000000,0.000000,0,0,0,0.000000,False,0
blocksworld,p2.pddl,0.000000,0,-,18000,100,0,0,1,1,1,1,1,1,1,1,0.000000,0.000000,0.000000,0.000000,0.000000,0.000000,0.000000,0.000000,0,0,0,0.000000,False,0
blocksworld,p2.pddl,0.000000,0,-,18000,100,0,0,1,1,1,1,1,1,1,1,0.000000,0.000000,0.000000,0.000000,0.000000,0.000000,0.000000,0.000000,0,0,0,0.000000,False,0
blocksworld,p2.pddl,0.000000,0,-,18000,100,0,0,1,1,1,1,1,1,1,1,0.000000,0.000000,0.000000,0.000000,0.000000,0.000000,0.000000,0.000000,0,0,0,0.000000,False,0
blocksworld,p2.pddl,0.000000,0,-,18000,100,0,0,1,1,1,1,1,1,1,1,0.000000,0.000000,0.000000,0.000000,0.000000,0.000000,0.000000,0.000000,0,0,0,0.000000,False,0
blocksworld,p2.pddl,0.000000,0,-,18000,100,0,0,1,1,1,1,1,1,1,1,0.000000,0.000000,0.000000,0.000000,0.000000,0.000000,0.000000,0.000000,0,0,0,0.000000,False,0
blocksworld,p2.pddl,0.000000,0,-,18000,100,0,0,1,1,1,1,1,1,1,1,0.000000,0.000000,0.000000,0.000000,0.000000,0.000000,0.000000,0.000000,0,0,0,0.000000,False,0
blocksworld,p2.pddl,0.000000,0,-,18000,100,0,0,1,1,1,1,1,1,1,1,0.000000,0.000000,0.000000,0.000000,0.000000,0.000000,0.000000,0.000000,0,0,0,0.000000,False,0
blocksworld,p3.pddl,0.000000,0,-,18000,100,0,0,1,1,1,1,1,1,1,1,0.000000,0.000000,0.000000,0.000000,0.000000,0.000000,0.000000,0.000000,0,0,0,0.000000,False,0
blocksworld,p3.pddl,0.000000,0,-,18000,100,0,0,1,1,1,1,1,1,1,1,0.000000,0.000000,0.000000,0.000000,0.000000,0.000000,0.000000,0.000000,0,0,0,0.000000,False,0
blocksworld,p3.pddl,0.000000,0,-,18000,100,0,0,1,1,1,1,1,1,1,1,0.000000,0.000000,0.000000,0.000000,0.000000,0.000000,0.000000,0.000000,0,0,0,0.000000,False,0
blocksworld,p3.pddl,0.000000,0,-,18000,100,0,0,1,1,1,1,1,1,1,1,0.000000,0.000000,0.000000,0.000000,0.000000,0.000000,0.000000,0.000000,0,0,0,0.000000,False,0
blocksworld,p3.pddl,0.000000,0,-,18000,100,0,0,1,1,1,1,1,1,1,1,0.000000,0.000000,0.000000,0.000000,0.000000,0.000000,0.000000,0.000000,0,0,0,0.000000,False,0
blocksworld,p3.pddl,0.000000,0,-,18000,100,0,0,1,1,1,1,1,1,1,1,0.000000,0.000000,0.000000,0.000000,0.000000,0.000000,0.000000,0.000000,0,0,0,0.000000,False,0
blocksworld,p3.pddl,0.000000,0,-,18000,100,0,0,1,1,1,1,1,1,1,1,0.000000,0.000000,0.000000,0.000000,0.000000,0.000000,0.000000,0.000000,0,0,0,0.000000,False,0
blocksworld,p3.pddl,0.000000,0,-,18000,100,0,0,1,1,1,1,1,1,1,1,0.000000,0.000000,0.000000,0.000000,0.000000,0.000000,0.000000,0.000000,0,0,0,0.000000,False,0
blocksworld,p3.pddl,0.000000,0,-,18000,100,0,0,1,1,1,1,1,1,1,1,0.000000,0.000000,0.000000,0.000000,0.000000,0.000000,0.000000,0.000000,0,0,0,0.000000,False,0
blocksworld,p3.pddl,0.000000,0,-,18000,100,0,0,1,1,1,1,1,1,1,1,0.000000,0.000000,0.000000,0.000000,0.000000,0.000000,0.000000,0.000000,0,0,0,0.000000,False,0
blocksworld,p4.pddl,0.000000,0,-,18000,100,0,0,1,1,1,1,1,1,1,1,0.000000,0.000000,0.000000,0.000000,0.000000,0.000000,0.000000,0.000000,0,0,0,0.000000,False,0
blocksworld,p4.pddl,0.000000,0,-,18000,100,0,0,1,1,1,1,1,1,1,1,0.000000,0.000000,0.000000,0.000000,0.000000,0.000000,0.000000,0.000000,0,0,0,0.000000,False,0
blocksworld,p4.pddl,0.000000,0,-,18000,100,0,0,1,1,1,1,1,1,1,1,0.000000,0.000000,0.000000,0.000000,0.000000,0.000000,0.000000,0.000000,0,0,0,0.000000,False,0
blocksworld,p4.pddl,0.000000,0,-,18000,100,0,0,1,1,1,1,1,1,1,1,0.000000,0.000000,0.000000,0.000000,0.000000,0.000000,0.000000,0.000000,0,0,0,0.000000,False,0
blocksworld,p4.pddl,0.000000,0,-,18000,100,0,0,1,1,1,1,1,1,1,1,0.000000,0.000000,0.000000,0.000000,0.000000,0.000000,0.000000,0.000000,0,0,0,0.000000,False,0
blocksworld,p4.pddl,0.000000,0,-,18000,100,0,0,1,1,1,1,1,1,1,1,0.000000,0.000000,0.000000,0.000000,0.000000,0.000000,0.000000,0.000000,0,0,0,0.000000,False,0
blocksworld,p4.pddl,0.000000,0,-,18000,100,0,0,1,1,1,1,1,1,1,1,0.000000,0.000000,0.000000,0.000000,0.000000,0.000000,0.000000,0.000000,0,0,0,0.000000,False,0
blocksworld,p4.pddl,0.000000,0,-,18000,100,0,0,1,1,1,1,1,1,1,1,0.000000,0.000000,0.000000,0.000000,0.000000,0.000000,0.000000,0.000000,0,0,0,0.000000,False,0
blocksworld,p4.pddl,0.000000,0,-,18000,100,0,0,1,1,1,1,1,1,1,1,0.000000,0.000000,0.000000,0.000000,0.000000,0.000000,0.000000,0.000000,0,0,0,0.000000,False,0
blocksworld,p4.pddl,0.000000,0,-,18000,100,0,0,1,1,1,1,1,1,1,1,0.000000,0.000000,0.000000,0.000000,0.000000,0.000000,0.000000,0.000000,0,0,0,0.000000,False,0
blocksworld,p5.pddl,0.000000,0,-,18000,100,0,0,1,1,1,1,1,1,1,1,0.000000,0.000000,0.000000,0.000000,0.000000,0.000000,0.000000,0.000000,0,0,0,0.000000,False,0
blocksworld,p5.pddl,0.000000,0,-,18000,100,0,0,1,1,1,1,1,1,1,1,0.000000,0.000000,0.000000,0.000000,0.000000,0.000000,0.000000,0.000000,0,0,0,0.000000,False,0
blocksworld,p5.pddl,0.000000,0,-,18000,100,0,0,1,1,1,1,1,1,1,1,0.000000,0.000000,0.000000,0.000000,0.000000,0.000000,0.000000,0.000000,0,0,0,0.000000,False,0
blocksworld,p5.pddl,0.000000,0,-,18000,100,0,0,1,1,1,1,1,1,1,1,0.000000,0.000000,0.000000,0.000000,0.000000,0.000000,0.000000,0.000000,0,0,0,0.000000,False,0
blocksworld,p5.pddl,0.000000,0,-,18000,100,0,0,1,1,1,1,1,1,1,1,0.000000,0.000000,0.000000,0.000000,0.000000,0.000000,0.000000,0.000000,0,0,0,0.000000,False,0
blocksworld,p5.pddl,0.000000,0,-,18000,100,0,0,1,1,1,1,1,1,1,1,0.000000,0.000000,0.000000,0.000000,0.000000,0.000000,0.000000,0.000000,0,0,0,0.000000,False,0
blocksworld,p5.pddl,0.000000,0,-,18000,100,0,0,1,1,1,1,1,1,1,1,0.000000,0.000000,0.000000,0.000000,0.000000,0.000000,0.000000,0.000000,0,0,0,0.000000,False,0
blocksworld,p5.pddl,0.000000,0,-,18000,100,0,0,1,1,1,1,1,1,1,1,0.000000,0.000000,0.000000,0.000000,0.000000,0.000000,0.000000,0.000000,0,0,0,0.000000,False,0
blocksworld,p5.pddl,0.000000,0,-,18000,100,0,0,1,1,1,1,1,1,1,1,0.000000,0.000000,0.000000,0.000000,0.000000,0.000000,0.000000,0.000000,0,0,0,0.000000,False,0
blocksworld,p5.pddl,0.000000,0,-,18000,100,0,0,1,1,1,1,1,1,1,1,0.000000,0.000000,0.000000,0.000000,0.000000,0.000000,0.000000,0.000000,0,0,0,0.000000,False,0
blocksworld,p6.pddl,0.000000,0,-,18000,100,0,0,1,1,1,1,1,1,1,1,0.000000,0.000000,0.000000,0.000000,0.000000,0.000000,0.000000,0.000000,0,0,0,0.000000,False,0
blocksworld,p6.pddl,0.000000,0,-,18000,100,0,0,1,1,1,1,1,1,1,1,0.000000,0.000000,0.000000,0.000000,0.000000,0.000000,0.000000,0.000000,0,0,0,0.000000,False,0
blocksworld,p6.pddl,0.000000,0,-,18000,100,0,0,1,1,1,1,1,1,1,1,0.000000,0.000000,0.000000,0.000000,0.000000,0.000000,0.000000,0.000000,0,0,0,0.000000,False,0
blocksworld,p6.pddl,0.000000,0,-,18000,100,0,0,1,1,1,1,1,1,1,1,0.000000,0.000000,0.000000,0.000000,0.000000,0.000000,0.000000,0.000000,0,0,0,0.000000,False,0
blocksworld,p6.pddl,0.000000,0,-,18000,100,0,0,1,1,1,1,1,1,1,1,0.000000,0.000000,0.000000,0.000000,0.000000,0.000000,0.000000,0.000000,0,0,0,0.000000,False,0
blocksworld,p6.pddl,0.000000,0,-,18000,100,0,0,1,1,1,1,1,1,1,1,0.000000,0.000000,0.000000,0.000000,0.000000,0.000000,0.000000,0.000000,0,0,0,0.000000,False,0
blocksworld,p6.pddl,0.000000,0,-,18000,100,0,0,1,1,1,1,1,1,1,1,0.000000,0.000000,0.000000,0.000000,0.000000,0.000000,0.000000,0.000000,0,0,0,0.000000,False,0
blocksworld,p6.pddl,0.000000,0,-,18000,100,0,0,1,1,1,1,1,1,1,1,0.000000,0.000000,0.000000,0.000000,0.000000,0.000000,0.000000,0.000000,0,0,0,0.000000,False,0
blocksworld,p6.pddl,0.000000,0,-,18000,100,0,0,1,1,1,1,1,1,1,1,0.000000,0.000000,0.000000,0.000000,0.000000,0.000000,0.000000,0.000000,0,0,0,0.000000,False,0
blocksworld,p6.pddl,0.000000,0,-,18000,100,0,0,1,1,1,1,1,1,1,1,0.000000,0.000000,0.000000,0.000000,0.000000,0.000000,0.000000,0.000000,0,0,0,0.000000,False,0
blocksworld,p7.pddl,0.000000,0,-,18000,100,0,0,1,1,1,1,1,1,1,1,0.000000,0.000000,0.000000,0.000000,0.000000,0.000000,0.000000,0.000000,0,0,0,0.000000,False,0
blocksworld,p7.pddl,0.000000,0,-,18000,100,0,0,1,1,1,1,1,1,1,1,0.000000,0.000000,0.000000,0.000000,0.000000,0.000000,0.000000,0.000000,0,0,0,0.000000,False,0
blocksworld,p7.pddl,0.000000,0,-,18000,100,0,0,1,1,1,1,1,1,1,1,0.000000,0.000000,0.000000,0.000000,0.000000,0.000000,0.000000,0.000000,0,0,0,0.000000,False,0
blocksworld,p7.pddl,0.000000,0,-,18000,100,0,0,1,1,1,1,1,1,1,1,0.000000,0.000000,0.000000,0.000000,0.000000,0.000000,0.000000,0.000000,0,0,0,0.000000,False,0
blocksworld,p7.pddl,0.000000,0,-,18000,100,0,0,1,1,1,1,1,1,1,1,0.000000,0.000000,0.000000,0.000000,0.000000,0.000000,0.000000,0.000000,0,0,0,0.000000,False,0
blocksworld,p7.pddl,0.000000,0,-,18000,100,0,0,1,1,1,1,1,1,1,1,0.000000,0.000000,0.000000,0.000000,0.000000,0.000000,0.000000,0.000000,0,0,0,0.000000,False,0
blocksworld,p7.pddl,0.000000,0,-,18000,100,0,0,1,1,1,1,1,1,1,1,0.000000,0.000000,0.000000,0.000000,0.000000,0.000000,0.000000,0.000000,0,0,0,0.000000,False,0
blocksworld,p7.pddl,0.000000,0,-,18000,100,0,0,1,1,1,1,1,1,1,1,0.000000,0.000000,0.000000,0.000000,0.000000,0.000000,0.000000,0.000000,0,0,0,0.000000,False,0
blocksworld,p7.pddl,0.000000,0,-,18000,100,0,0,1,1,1,1,1,1,1,1,0.000000,0.000000,0.000000,0.000000,0.000000,0.000000,0.000000,0.000000,0,0,0,0.000000,False,0
blocksworld,p7.pddl,0.000000,0,-,18000,100,0,0,1,1,1,1,1,1,1,1,0.000000,0.000000,0.000000,0.000000,0.000000,0.000000,0.000000,0.000000,0,0,0,0.000000,False,0
blocksworld,p8.pddl,0.000000,0,-,18000,100,0,0,1,1,1,1,1,1,1,1,0.000000,0.000000,0.000000,0.000000,0.000000,0.000000,0.000000,0.000000,0,0,0,0.000000,False,0
blocksworld,p8.pddl,0.000000,0,-,18000,100,0,0,1,1,1,1,1,1,1,1,0.000000,0.000000,0.000000,0.000000,0.000000,0.000000,0.000000,0.000000,0,0,0,0.000000,False,0
blocksworld,p8.pddl,0.000000,0,-,18000,100,0,0,1,1,1,1,1,1,1,1,0.000000,0.000000,0.000000,0.000000,0.000000,0.000000,0.000000,0.000000,0,0,0,0.000000,False,0
blocksworld,p8.pddl,0.000000,0,-,18000,100,0,0,1,1,1,1,1,1,1,1,0.000000,0.000000,0.000000,0.000000,0.000000,0.000000,0.000000,0.000000,0,0,0,0.000000,False,0
blocksworld,p8.pddl,0.000000,0,-,18000,100,0,0,1,1,1,1,1,1,1,1,0.000000,0.000000,0.000000,0.000000,0.000000,0.000000,0.000000,0.000000,0,0,0,0.000000,False,0
blocksworld,p8.pddl,0.000000,0,-,18000,100,0,0,1,1,1,1,1,1,1,1,0.000000,0.000000,0.000000,0.000000,0.000000,0.000000,0.000000,0.000000,0,0,0,0.000000,False,0
blocksworld,p8.pddl,0.000000,0,-,18000,100,0,0,1,1,1,1,1,1,1,1,0.000000,0.000000,0.000000,0.000000,0.000000,0.000000,0.000000,0.000000,0,0,0,0.000000,False,0
blocksworld,p8.pddl,0.000000,0,-,18000,100,0,0,1,1,1,1,1,1,1,1,0.000000,0.000000,0.000000,0.000000,0.000000,0.000000,0.000000,0.000000,0,0,0,0.000000,False,0
blocksworld,p8.pddl,0.000000,0,-,18000,100,0,0,1,1,1,1,1,1,1,1,0.000000,0.000000,0.000000,0.000000,0.000000,0.000000,0.000000,0.000000,0,0,0,0.000000,False,0
blocksworld,p8.pddl,0.000000,0,-,18000,100,0,0,1,1,1,1,1,1,1,1,0.000000,0.000000,0.000000,0.000000,0.000000,0.000000,0.000000,0.000000,0,0,0,0.000000,False,0
blocksworld,p9.pddl,0.000000,0,-,18000,100,0,0,1,1,1,1,1,1,1,1,0.000000,0.000000,0.000000,0.000000,0.000000,0.000000,0.000000,0.000000,0,0,0,0.000000,False,0
blocksworld,p9.pddl,0.000000,0,-,18000,100,0,0,1,1,1,1,1,1,1,1,0.000000,0.000000,0.000000,0.000000,0.000000,0.000000,0.000000,0.000000,0,0,0,0.000000,False,0
blocksworld,p9.pddl,0.000000,0,-,18000,100,0,0,1,1,1,1,1,1,1,1,0.000000,0.000000,0.000000,0.000000,0.000000,0.000000,0.000000,0.000000,0,0,0,0.000000,False,0
blocksworld,p9.pddl,0.000000,0,-,18000,100,0,0,1,1,1,1,1,1,1,1,0.000000,0.000000,0.000000,0.000000,0.000000,0.000000,0.000000,0.000000,0,0,0,0.000000,False,0
blocksworld,p9.pddl,0.000000,0,-,18000,100,0,0,1,1,1,1,1,1,1,1,0.000000,0.000000,0.000000,0.000000,0.000000,0.000000,0.000000,0.000000,0,0,0,0.000000,False,0
blocksworld,p9.pddl,0.000000,0,-,18000,100,0,0,1,1,1,1,1,1,1,1,0.000000,0.000000,0.000000,0.000000,0.000000,0.000000,0.000000,0.000000,0,0,0,0.000000,False,0
blocksworld,p9.pddl,0.000000,0,-,18000,100,0,0,1,1,1,1,1,1,1,1,0.000000,0.000000,0.000000,0.000000,0.000000,0.000000,0.000000,0.000000,0,0,0,0.000000,False,0
blocksworld,p9.pddl,0.000000,0,-,18000,100,0,0,1,1,1,1,1,1,1,1,0.000000,0.000000,0.000000,0.000000,0.000000,0.000000,0.000000,0.000000,0,0,0,0.000000,False,0
blocksworld,p9.pddl,0.000000,0,-,18000,100,0,0,1,1,1,1,1,1,1,1,0.000000,0.000000,0.000000,0.000000,0.000000,0.000000,0.000000,0.000000,0,0,0,0.000000,False,0
blocksworld,p9.pddl,0.000000,0,-,18000,100,0,0,1,1,1,1,1,1,1,1,0.000000,0.000000,0.000000,0.000000,0.000000,0.000000,0.000000,0.000000,0,0,0,0.000000,False,0
blocksworld,p10.pddl,0.000000,0,-,18000,100,0,0,1,1,1,1,1,1,1,1,0.000000,0.000000,0.000000,0.000000,0.000000,0.000000,0.000000,0.000000,0,0,0,0.000000,False,0
blocksworld,p10.pddl,0.000000,0,-,18000,100,0,0,1,1,1,1,1,1,1,1,0.000000,0.000000,0.000000,0.000000,0.000000,0.000000,0.000000,0.000000,0,0,0,0.000000,False,0
blocksworld,p10.pddl,0.000000,0,-,18000,100,0,0,1,1,1,1,1,1,1,1,0.000000,0.000000,0.000000,0.000000,0.000000,0.000000,0.000000,0.000000,0,0,0,0.000000,False,0
blocksworld,p10.pddl,0.000000,0,-,18000,100,0,0,1,1,1,1,1,1,1,1,0.000000,0.000000,0.000000,0.000000,0.000000,0.000000,0.000000,0.000000,0,0,0,0.000000,False,0
blocksworld,p10.pddl,0.000000,0,-,18000,100,0,0,1,1,1,1,1,1,1,1,0.000000,0.000000,0.000000,0.000000,0.000000,0.000000,0.000000,0.000000,0,0,0,0.000000,False,0
blocksworld,p10.pddl,0.000000,0,-,18000,100,0,0,1,1,1,1,1,1,1,1,0.000000,0.000000,0.000000,0.000000,0.000000,0.000000,0.000000,0.000000,0,0,0,0.000000,False,0
blocksworld,p10.pddl,0.000000,0,-,18000,100,0,0,1,1,1,1,1,1,1,1,0.000000,0.000000,0.000000,0.000000,0.000000,0.000000,0.000000,0.000000,0,0,0,0.000000,False,0
blocksworld,p10.pddl,0.000000,0,-,18000,100,0,0,1,1,1,1,1,1,1,1,0.000000,0.000000,0.000000,0.000000,0.000000,0.000000,0.000000,0.000000,0,0,0,0.000000,False,0
blocksworld,p10.pddl,0.000000,0,-,18000,100,0,0,1,1,1,1,1,1,1,1,0.000000,0.000000,0.000000,0.000000,0.000000,0.000000,0.000000,0.000000,0,0,0,0.000000,False,0
blocksworld,p10.pddl,0.000000,0,-,18000,100,0,0,1,1,1,1,1,1,1,1,0.000000,0.000000,0.000000,0.000000,0.000000,0.000000,0.000000,0.000000,0,0,0,0.000000,False,0
blocksworld,p11.pddl,0.000000,0,-,18000,100,0,0,1,1,1,1,1,1,1,1,0.000000,0.000000,0.000000,0.000000,0.000000,0.000000,0.000000,0.000000,0,0,0,0.000000,False,0
blocksworld,p11.pddl,0.000000,0,-,18000,100,0,0,1,1,1,1,1,1,1,1,0.000000,0.000000,0.000000,0.000000,0.000000,0.000000,0.000000,0.000000,0,0,0,0.000000,False,0
blocksworld,p11.pddl,0.000000,0,-,18000,100,0,0,1,1,1,1,1,1,1,1,0.000000,0.000000,0.000000,0.000000,0.000000,0.000000,0.000000,0.000000,0,0,0,0.000000,False,0
blocksworld,p11.pddl,0.000000,0,-,18000,100,0,0,1,1,1,1,1,1,1,1,0.000000,0.000000,0.000000,0.000000,0.000000,0.000000,0.000000,0.000000,0,0,0,0.000000,False,0
blocksworld,p11.pddl,0.000000,0,-,18000,100,0,0,1,1,1,1,1,1,1,1,0.000000,0.000000,0.000000,0.000000,0.000000,0.000000,0.000000,0.000000,0,0,0,0.000000,False,0
blocksworld,p11.pddl,0.000000,0,-,18000,100,0,0,1,1,1,1,1,1,1,1,0.000000,0.000000,0.000000,0.000000,0.000000,0.000000,0.000000,0.000000,0,0,0,0.000000,False,0
blocksworld,p11.pddl,0.000000,0,-,18000,100,0,0,1,1,1,1,1,1,1,1,0.000000,0.000000,0.000000,0.000000,0.000000,0.000000,0.000000,0.000000,0,0,0,0.000000,False,0
blocksworld,p11.pddl,0.000000,0,-,18000,100,0,0,1,1,1,1,1,1,1,1,0.000000,0.000000,0.000000,0.000000,0.000000,0.000000,0.000000,0.000000,0,0,0,0.000000,False,0
blocksworld,p11.pddl,0.000000,0,-,18000,100,0,0,1,1,1,1,1,1,1,1,0.000000,0.000000,0.000000,0.000000,0.000000,0.000000,0.000000,0.000000,0,0,0,0.000000,False,0
blocksworld,p11.pddl,0.000000,0,-,18000,100,0,0,1,1,1,1,1,1,1,1,0.000000,0.000000,0.000000,0.000000,0.000000,0.000000,0.000000,0.000000,0,0,0,0.000000,False,0
blocksworld,p12.pddl,0.000000,0,-,18000,100,0,0,1,1,1,1,1,1,1,1,0.000000,0.000000,0.000000,0.000000,0.000000,0.000000,0.000000,0.000000,0,0,0,0.000000,False,0
blocksworld,p12.pddl,0.000000,0,-,18000,100,0,0,1,1,1,1,1,1,1,1,0.000000,0.000000,0.000000,0.000000,0.000000,0.000000,0.000000,0.000000,0,0,0,0.000000,False,0
blocksworld,p12.pddl,0.000000,0,-,18000,100,0,0,1,1,1,1,1,1,1,1,0.000000,0.000000,0.000000,0.000000,0.000000,0.000000,0.000000,0.000000,0,0,0,0.000000,False,0
blocksworld,p12.pddl,0.000000,0,-,18000,100,0,0,1,1,1,1,1,1,1,1,0.000000,0.000000,0.000000,0.000000,0.000000,0.000000,0.000000,0.000000,0,0,0,0.000000,False,0
blocksworld,p12.pddl,0.000000,0,-,18000,100,0,0,1,1,1,1,1,1,1,1,0.000000,0.000000,0.000000,0.000000,0.000000,0.000000,0.000000,0.000000,0,0,0,0.000000,False,0
blocksworld,p12.pddl,0.000000,0,-,18000,100,0,0,1,1,1,1,1,1,1,1,0.000000,0.000000,0.000000,0.000000,0.000000,0.000000,0.000000,0.000000,0,0,0,0.000000,False,0
blocksworld,p12.pddl,0.000000,0,-,18000,100,0,0,1,1,1,1,1,1,1,1,0.000000,0.000000,0.000000,0.000000,0.000000,0.000000,0.000000,0.000000,0,0,0,0.000000,False,0
blocksworld,p12.pddl,0.000000,0,-,18000,100,0,0,1,1,1,1,1,1,1,1,0.000000,0.000000,0.000000,0.000000,0.000000,0.000000,0.000000,0.000000,0,0,0,0.000000,False,0
blocksworld,p12.pddl,0.000000,0,-,18000,100,0,0,1,1,1,1,1,1,1,1,0.000000,0.000000,0.000000,0.000000,0.000000,0.000000,0.000000,0.000000,0,0,0,0.000000,False,0
blocksworld,p12.pddl,0.000000,0,-,18000,100,0,0,1,1,1,1,1,1,1,1,0.000000,0.000000,0.000000,0.000000,0.000000,0.000000,0.000000,0.000000,0,0,0,0.000000,False,0
blocksworld,p13.pddl,0.000000,0,-,18000,100,0,0,1,1,1,1,1,1,1,1,0.000000,0.000000,0.000000,0.000000,0.000000,0.000000,0.000000,0.000000,0,0,0,0.000000,False,0
blocksworld,p13.pddl,0.000000,0,-,18000,100,0,0,1,1,1,1,1,1,1,1,0.000000,0.000000,0.000000,0.000000,0.000000,0.000000,0.000000,0.000000,0,0,0,0.000000,False,0
blocksworld,p13.pddl,0.000000,0,-,18000,100,0,0,1,1,1,1,1,1,1,1,0.000000,0.000000,0.000000,0.000000,0.000000,0.000000,0.000000,0.000000,0,0,0,0.000000,False,0
blocksworld,p13.pddl,0.000000,0,-,18000,100,0,0,1,1,1,1,1,1,1,1,0.000000,0.000000,0.000000,0.000000,0.000000,0.000000,0.000000,0.000000,0,0,0,0.000000,False,0
blocksworld,p13.pddl,0.000000,0,-,18000,100,0,0,1,1,1,1,1,1,1,1,0.000000,0.000000,0.000000,0.000000,0.000000,0.000000,0.000000,0.000000,0,0,0,0.000000,False,0
blocksworld,p13.pddl,0.000000,0,-,18000,100,0,0,1,1,1,1,1,1,1,1,0.000000,0.000000,0.000000,0.000000,0.000000,0.000000,0.000000,0.000000,0,0,0,0.000000,False,0
blocksworld,p13.pddl,0.000000,0,-,18000,100,0,0,1,1,1,1,1,1,1,1,0.000000,0.000000,0.000000,0.000000,0.000000,0.000000,0.000000,0.000000,0,0,0,0.000000,False,0
blocksworld,p13.pddl,0.000000,0,-,18000,100,0,0,1,1,1,1,1,1,1,1,0.000000,0.000000,0.000000,0.000000,0.000000,0.000000,0.000000,0.000000,0,0,0,0.000000,False,0
blocksworld,p13.pddl,0.000000,0,-,18000,100,0,0,1,1,1,1,1,1,1,1,0.000000,0.000000,0.000000,0.000000,0.000000,0.000000,0.000000,0.000000,0,0,0,0.000000,False,0
blocksworld,p13.pddl,0.000000,0,-,18000,100,0,0,1,1,1,1,1,1,1,1,0.000000,0.000000,0.000000,0.000000,0.000000,0.000000,0.000000,0.000000,0,0,0,0.000000,False,0
blocksworld,p14.pddl,0.000000,0,-,18000,100,0,0,1,1,1,1,1,1,1,1,0.000000,0.000000,0.000000,0.000000,0.000000,0.000000,0.000000,0.000000,0,0,0,0.000000,False,0
blocksworld,p14.pddl,0.000000,0,-,18000,100,0,0,1,1,1,1,1,1,1,1,0.000000,0.000000,0.000000,0.000000,0.000000,0.000000,0.000000,0.000000,0,0,0,0.000000,False,0
blocksworld,p14.pddl,0.000000,0,-,18000,100,0,0,1,1,1,1,1,1,1,1,0.000000,0.000000,0.000000,0.000000,0.000000,0.000000,0.000000,0.000000,0,0,0,0.000000,False,0
blocksworld,p14.pddl,0.000000,0,-,18000,100,0,0,1,1,1,1,1,1,1,1,0.000000,0.000000,0.000000,0.000000,0.000000,0.000000,0.000000,0.000000,0,0,0,0.000000,False,0
blocksworld,p14.pddl,0.000000,0,-,18000,100,0,0,1,1,1,1,1,1,1,1,0.000000,0.000000,0.000000,0.000000,0.000000,0.000000,0.000000,0.000000,0,0,0,0.000000,False,0
blocksworld,p14.pddl,0.000000,0,-,18000,100,0,0,1,1,1,1,1,1,1,1,0.000000,0.000000,0.000000,0.000000,0.000000,0.000000,0.000000,0.000000,0,0,0,0.000000,False,0
blocksworld,p14.pddl,0.000000,0,-,18000,100,0,0,1,1,1,1,1,1,1,1,0.000000,0.000000,0.000000,0.000000,0.000000,0.000000,0.000000,0.000000,0,0,0,0.000000,False,0
blocksworld,p14.pddl,0.000000,0,-,18000,100,0,0,1,1,1,1,1,1,1,1,0.000000,0.000000,0.000000,0.000000,0.000000,0.000000,0.000000,0.000000,0,0,0,0.000000,False,0
blocksworld,p14.pddl,0.000000,0,-,18000,100,0,0,1,1,1,1,1,1,1,1,0.000000,0.000000,0.000000,0.000000,0.000000,0.000000,0.000000,0.000000,0,0,0,0.000000,False,0
blocksworld,p14.pddl,0.000000,0,-,18000,100,0,0,1,1,1,1,1,1,1,1,0.000000,0.000000,0.000000,0.000000,0.000000,0.000000,0.000000,0.000000,0,0,0,0.000000,False,0
blocksworld,p15.pddl,0.000000,0,-,18000,100,0,0,1,1,1,1,1,1,1,1,0.000000,0.000000,0.000000,0.000000,0.000000,0.000000,0.000000,0.000000,0,0,0,0.000000,False,0
blocksworld,p15.pddl,0.000000,0,-,18000,100,0,0,1,1,1,1,1,1,1,1,0.000000,0.000000,0.000000,0.000000,0.000000,0.000000,0.000000,0.000000,0,0,0,0.000000,False,0
blocksworld,p15.pddl,0.000000,0,-,18000,100,0,0,1,1,1,1,1,1,1,1,0.000000,0.000000,0.000000,0.000000,0.000000,0.000000,0.000000,0.000000,0,0,0,0.000000,False,0
blocksworld,p15.pddl,0.000000,0,-,18000,100,0,0,1,1,1,1,1,1,1,1,0.000000,0.000000,0.000000,0.000000,0.000000,0.000000,0.000000,0.000000,0,0,0,0.000000,False,0
blocksworld,p15.pddl,0.000000,0,-,18000,100,0,0,1,1,1,1,1,1,1,1,0.000000,0.000000,0.000000,0.000000,0.000000,0.000000,0.000000,0.000000,0,0,0,0.000000,False,0
blocksworld,p15.pddl,0.000000,0,-,18000,100,0,0,1,1,1,1,1,1,1,1,0.000000,0.000000,0.000000,0.000000,0.000000,0.000000,0.000000,0.000000,0,0,0,0.000000,False,0
blocksworld,p15.pddl,0.000000,0,-,18000,100,0,0,1,1,1,1,1,1,1,1,0.000000,0.000000,0.000000,0.000000,0.000000,0.000000,0.000000,0.000000,0,0,0,0.000000,False,0
blocksworld,p15.pddl,0.000000,0,-,18000,100,0,0,1,1,1,1,1,1,1,1,0.000000,0.000000,0.000000,0.000000,0.000000,0.000000,0.000000,0.000000,0,0,0,0.000000,False,0
blocksworld,p15.pddl,0.000000,0,-,18000,100,0,0,1,1,1,1,1,1,1,1,0.000000,0.000000,0.000000,0.000000,0.000000,0.000000,0.000000,0.000000,0,0,0,0.000000,False,0
blocksworld,p15.pddl,0.000000,0,-,18000,100,0,0,1,1,1,1,1,1,1,1,0.000000,0.000000,0.000000,0.000000,0.000000,0.000000,0.000000,0.000000,0,0,0,0.000000,False,0
blocksworld,p16.pddl,0.000000,0,-,18000,100,0,0,1,1,1,1,1,1,1,1,0.000000,0.000000,0.000000,0.000000,0.000000,0.000000,0.000000,0.000000,0,0,0,0.000000,False,0
blocksworld,p16.pddl,0.000000,0,-,18000,100,0,0,1,1,1,1,1,1,1,1,0.000000,0.000000,0.000000,0.000000,0.000000,0.000000,0.000000,0.000000,0,0,0,0.000000,False,0
blocksworld,p16.pddl,0.000000,0,-,18000,100,0,0,1,1,1,1,1,1,1,1,0.000000,0.000000,0.000000,0.000000,0.000000,0.000000,0.000000,0.000000,0,0,0,0.000000,False,0
blocksworld,p16.pddl,0.000000,0,-,18000,100,0,0,1,1,1,1,1,1,1,1,0.000000,0.000000,0.000000,0.000000,0.000000,0.000000,0.000000,0.000000,0,0,0,0.000000,False,0
blocksworld,p16.pddl,0.000000,0,-,18000,100,0,0,1,1,1,1,1,1,1,1,0.000000,0.000000,0.000000,0.000000,0.000000,0.000000,0.000000,0.000000,0,0,0,0.000000,False,0
blocksworld,p16.pddl,0.000000,0,-,18000,100,0,0,1,1,1,1,1,1,1,1,0.000000,0.000000,0.000000,0.000000,0.000000,0.000000,0.000000,0.000000,0,0,0,0.000000,False,0
blocksworld,p16.pddl,0.000000,0,-,18000,100,0,0,1,1,1,1,1,1,1,1,0.000000,0.000000,0.000000,0.000000,0.000000,0.000000,0.000000,0.000000,0,0,0,0.000000,False,0
blocksworld,p16.pddl,0.000000,0,-,18000,100,0,0,1,1,1,1,1,1,1,1,0.000000,0.000000,0.000000,0.000000,0.000000,0.000000,0.000000,0.000000,0,0,0,0.000000,False,0
blocksworld,p16.pddl,0.000000,0,-,18000,100,0,0,1,1,1,1,1,1,1,1,0.000000,0.000000,0.000000,0.000000,0.000000,0.000000,0.000000,0.000000,0,0,0,0.000000,False,0
blocksworld,p16.pddl,0.000000,0,-,18000,100,0,0,1,1,1,1,1,1,1,1,0.000000,0.000000,0.000000,0.000000,0.000000,0.000000,0.000000,0.000000,0,0,0,0.000000,False,0
blocksworld,p17.pddl,0.000000,0,-,18000,100,0,0,1,1,1,1,1,1,1,1,0.000000,0.000000,0.000000,0.000000,0.000000,0.000000,0.000000,0.000000,0,0,0,0.000000,False,0
blocksworld,p17.pddl,0.000000,0,-,18000,100,0,0,1,1,1,1,1,1,1,1,0.000000,0.000000,0.000000,0.000000,0.000000,0.000000,0.000000,0.000000,0,0,0,0.000000,False,0
blocksworld,p17.pddl,0.000000,0,-,18000,100,0,0,1,1,1,1,1,1,1,1,0.000000,0.000000,0.000000,0.000000,0.000000,0.000000,0.000000,0.000000,0,0,0,0.000000,False,0
blocksworld,p17.pddl,0.000000,0,-,18000,100,0,0,1,1,1,1,1,1,1,1,0.000000,0.000000,0.000000,0.000000,0.000000,0.000000,0.000000,0.000000,0,0,0,0.000000,False,0
blocksworld,p17.pddl,0.000000,0,-,18000,100,0,0,1,1,1,1,1,1,1,1,0.000000,0.000000,0.000000,0.000000,0.000000,0.000000,0.000000,0.000000,0,0,0,0.000000,False,0
blocksworld,p17.pddl,0.000000,0,-,18000,100,0,0,1,1,1,1,1,1,1,1,0.000000,0.000000,0.000000,0.000000,0.000000,0.000000,0.000000,0.000000,0,0,0,0.000000,False,0
blocksworld,p17.pddl,0.000000,0,-,18000,100,0,0,1,1,1,1,1,1,1,1,0.000000,0.000000,0.000000,0.000000,0.000000,0.000000,0.000000,0.000000,0,0,0,0.000000,False,0
blocksworld,p17.pddl,0.000000,0,-,18000,100,0,0,1,1,1,1,1,1,1,1,0.000000,0.000000,0.000000,0.000000,0.000000,0.000000,0.000000,0.000000,0,0,0,0.000000,False,0
blocksworld,p17.pddl,0.000000,0,-,18000,100,0,0,1,1,1,1,1,1,1,1,0.000000,0.000000,0.000000,0.000000,0.000000,0.000000,0.000000,0.000000,0,0,0,0.000000,False,0
blocksworld,p17.pddl,0.000000,0,-,18000,100,0,0,1,1,1,1,1,1,1,1,0.000000,0.000000,0.000000,0.000000,0.000000,0.000000,0.000000,0.000000,0,0,0,0.000000,False,0
blocksworld,p18.pddl,0.000000,0,-,18000,100,0,0,1,1,1,1,1,1,1,1,0.000000,0.000000,0.000000,0.000000,0.000000,0.000000,0.000000,0.000000,0,0,0,0.000000,False,0
blocksworld,p18.pddl,0.000000,0,-,18000,100,0,0,1,1,1,1,1,1,1,1,0.000000,0.000000,0.000000,0.000000,0.000000,0.000000,0.000000,0.000000,0,0,0,0.000000,False,0
blocksworld,p18.pddl,0.000000,0,-,18000,100,0,0,1,1,1,1,1,1,1,1,0.000000,0.000000,0.000000,0.000000,0.000000,0.000000,0.000000,0.000000,0,0,0,0.000000,False,0
blocksworld,p18.pddl,0.000000,0,-,18000,100,0,0,1,1,1,1,1,1,1,1,0.000000,0.000000,0.000000,0.000000,0.000000,0.000000,0.000000,0.000000,0,0,0,0.000000,False,0
blocksworld,p18.pddl,0.000000,0,-,18000,100,0,0,1,1,1,1,1,1,1,1,0.000000,0.000000,0.000000,0.000000,0.000000,0.000000,0.000000,0.000000,0,0,0,0.000000,False,0
blocksworld,p18.pddl,0.000000,0,-,18000,100,0,0,1,1,1,1,1,1,1,1,0.000000,0.000000,0.000000,0.000000,0.000000,0.000000,0.000000,0.000000,0,0,0,0.000000,False,0
blocksworld,p18.pddl,0.000000,0,-,18000,100,0,0,1,1,1,1,1,1,1,1,0.000000,0.000000,0.000000,0.000000,0.000000,0.000000,0.000000,0.000000,0,0,0,0.000000,False,0
blocksworld,p18.pddl,0.000000,0,-,18000,100,0,0,1,1,1,1,1,1,1,1,0.000000,0.000000,0.000000,0.000000,0.000000,0.000000,0.000000,0.000000,0,0,0,0.000000,False,0
blocksworld,p18.pddl,0.000000,0,-,18000,100,0,0,1,1,1,1,1,1,1,1,0.000000,0.000000,0.000000,0.000000,0.000000,0.000000,0.000000,0.000000,0,0,0,0.000000,False,0
blocksworld,p18.pddl,0.000000,0,-,18000,100,0,0,1,1,1,1,1,1,1,1,0.000000,0.000000,0.000000,0.000000,0.000000,0.000000,0.000000,0.000000,0,0,0,0.000000,False,0
blocksworld,p19.pddl,0.000000,0,-,18000,100,0,0,1,1,1,1,1,1,1,1,0.000000,0.000000,0.000000,0.000000,0.000000,0.000000,0.000000,0.000000,0,0,0,0.000000,False,0
blocksworld,p19.pddl,0.000000,0,-,18000,100,0,0,1,1,1,1,1,1,1,1,0.000000,0.000000,0.000000,0.000000,0.000000,0.000000,0.000000,0.000000,0,0,0,0.000000,False,0
blocksworld,p19.pddl,0.000000,0,-,18000,100,0,0,1,1,1,1,1,1,1,1,0.000000,0.000000,0.000000,0.000000,0.000000,0.000000,0.000000,0.000000,0,0,0,0.000000,False,0
blocksworld,p19.pddl,0.000000,0,-,18000,100,0,0,1,1,1,1,1,1,1,1,0.000000,0.000000,0.000000,0.000000,0.000000,0.000000,0.000000,0.000000,0,0,0,0.000000,False,0
blocksworld,p19.pddl,0.000000,0,-,18000,100,0,0,1,1,1,1,1,1,1,1,0.000000,0.000000,0.000000,0.000000,0.000000,0.000000,0.000000,0.000000,0,0,0,0.000000,False,0
blocksworld,p19.pddl,0.000000,0,-,18000,100,0,0,1,1,1,1,1,1,1,1,0.000000,0.000000,0.000000,0.000000,0.000000,0.000000,0.000000,0.000000,0,0,0,0.000000,False,0
blocksworld,p19.pddl,0.000000,0,-,18000,100,0,0,1,1,1,1,1,1,1,1,0.000000,0.000000,0.000000,0.000000,0.000000,0.000000,0.000000,0.000000,0,0,0,0.000000,False,0
blocksworld,p19.pddl,0.000000,0,-,18000,100,0,0,1,1,1,1,1,1,1,1,0.000000,0.000000,0.000000,0.000000,0.000000,0.000000,0.000000,0.000000,0,0,0,0.000000,False,0
blocksworld,p19.pddl,0.000000,0,-,18000,100,0,0,1,1,1,1,1,1,1,1,0.000000,0.000000,0.000000,0.000000,0.000000,0.000000,0.000000,0.000000,0,0,0,0.000000,False,0
blocksworld,p19.pddl,0.000000,0,-,18000,100,0,0,1,1,1,1,1,1,1,1,0.000000,0.000000,0.000000,0.000000,0.000000,0.000000,0.000000,0.000000,0,0,0,0.000000,False,0
blocksworld,p20.pddl,0.000000,0,-,18000,100,0,0,1,1,1,1,1,1,1,1,0.000000,0.000000,0.000000,0.000000,0.000000,0.000000,0.000000,0.000000,0,0,0,0.000000,False,0
blocksworld,p20.pddl,0.000000,0,-,18000,100,0,0,1,1,1,1,1,1,1,1,0.000000,0.000000,0.000000,0.000000,0.000000,0.000000,0.000000,0.000000,0,0,0,0.000000,False,0
blocksworld,p20.pddl,0.000000,0,-,18000,100,0,0,1,1,1,1,1,1,1,1,0.000000,0.000000,0.000000,0.000000,0.000000,0.000000,0.000000,0.000000,0,0,0,0.000000,False,0
blocksworld,p20.pddl,0.000000,0,-,18000,100,0,0,1,1,1,1,1,1,1,1,0.000000,0.000000,0.000000,0.000000,0.000000,0.000000,0.000000,0.000000,0,0,0,0.000000,False,0
blocksworld,p20.pddl,0.000000,0,-,18000,100,0,0,1,1,1,1,1,1,1,1,0.000000,0.000000,0.000000,0.000000,0.000000,0.000000,0.000000,0.000000,0,0,0,0.000000,False,0
blocksworld,p20.pddl,0.000000,0,-,18000,100,0,0,1,1,1,1,1,1,1,1,0.000000,0.000000,0.000000,0.000000,0.000000,0.000000,0.000000,0.000000,0,0,0,0.000000,False,0
blocksworld,p20.pddl,0.000000,0,-,18000,100,0,0,1,1,1,1,1,1,1,1,0.000000,0.000000,0.000000,0.000000,0.000000,0.000000,0.000000,0.000000,0,0,0,0.000000,False,0
blocksworld,p20.pddl,0.000000,0,-,18000,100,0,0,1,1,1,1,1,1,1,1,0.000000,0.000000,0.000000,0.000000,0.000000,0.000000,0.000000,0.000000,0,0,0,0.000000,False,0
blocksworld,p20.pddl,0.000000,0,-,18000,100,0,0,1,1,1,1,1,1,1,1,0.000000,0.000000,0.000000,0.000000,0.000000,0.000000,0.000000,0.000000,0,0,0,0.000000,False,0
blocksworld,p20.pddl,0.000000,0,-,18000,100,0,0,1,1,1,1,1,1,1,1,0.000000,0.000000,0.000000,0.000000,0.000000,0.000000,0.000000,0.000000,0,0,0,0.000000,False,0
blocksworld,p21.pddl,0.000000,0,-,18000,100,0,0,1,1,1,1,1,1,1,1,0.000000,0.000000,0.000000,0.000000,0.000000,0.000000,0.000000,0.000000,0,0,0,0.000000,False,0
blocksworld,p21.pddl,0.000000,0,-,18000,100,0,0,1,1,1,1,1,1,1,1,0.000000,0.000000,0.000000,0.000000,0.000000,0.000000,0.000000,0.000000,0,0,0,0.000000,False,0
blocksworld,p21.pddl,0.000000,0,-,18000,100,0,0,1,1,1,1,1,1,1,1,0.000000,0.000000,0.000000,0.000000,0.000000,0.000000,0.000000,0.000000,0,0,0,0.000000,False,0
blocksworld,p21.pddl,0.000000,0,-,18000,100,0,0,1,1,1,1,1,1,1,1,0.000000,0.000000,0.000000,0.000000,0.000000,0.000000,0.000000,0.000000,0,0,0,0.000000,False,0
blocksworld,p21.pddl,0.000000,0,-,18000,100,0,0,1,1,1,1,1,1,1,1,0.000000,0.000000,0.000000,0.000000,0.000000,0.000000,0.000000,0.000000,0,0,0,0.000000,False,0
blocksworld,p21.pddl,0.000000,0,-,18000,100,0,0,1,1,1,1,1,1,1,1,0.000000,0.000000,0.000000,0.000000,0.000000,0.000000,0.000000,0.000000,0,0,0,0.000000,False,0
blocksworld,p21.pddl,0.000000,0,-,18000,100,0,0,1,1,1,1,1,1,1,1,0.000000,0.000000,0.000000,0.000000,0.000000,0.000000,0.000000,0.000000,0,0,0,0.000000,False,0
blocksworld,p21.pddl,0.000000,0,-,18000,100,0,0,1,1,1,1,1,1,1,1,0.000000,0.000000,0.000000,0.000000,0.000000,0.000000,0.000000,0.000000,0,0,0,0.000000,False,0
blocksworld,p21.pddl,0.000000,0,-,18000,100,0,0,1,1,1,1,1,1,1,1,0.000000,0.000000,0.000000,0.000000,0.000000,0.000000,0.000000,0.000000,0,0,0,0.000000,False,0
blocksworld,p21.pddl,0.000000,0,-,18000,100,0,0,1,1,1,1,1,1,1,1,0.000000,0.000000,0.000000,0.000000,0.000000,0.000000,0.000000,0.000000,0,0,0,0.000000,False,0
blocksworld,p22.pddl,0.000000,0,-,18000,100,0,0,1,1,1,1,1,1,1,1,0.000000,0.000000,0.000000,0.000000,0.000000,0.000000,0.000000,0.000000,0,0,0,0.000000,False,0
blocksworld,p22.pddl,0.000000,0,-,18000,100,0,0,1,1,1,1,1,1,1,1,0.000000,0.000000,0.000000,0.000000,0.000000,0.000000,0.000000,0.000000,0,0,0,0.000000,False,0
blocksworld,p22.pddl,0.000000,0,-,18000,100,0,0,1,1,1,1,1,1,1,1,0.000000,0.000000,0.000000,0.000000,0.000000,0.000000,0.000000,0.000000,0,0,0,0.000000,False,0
blocksworld,p22.pddl,0.000000,0,-,18000,100,0,0,1,1,1,1,1,1,1,1,0.000000,0.000000,0.000000,0.000000,0.000000,0.000000,0.000000,0.000000,0,0,0,0.000000,False,0
blocksworld,p22.pddl,0.000000,0,-,18000,100,0,0,1,1,1,1,1,1,1,1,0.000000,0.000000,0.000000,0.000000,0.000000,0.000000,0.000000,0.000000,0,0,0,0.000000,False,0
blocksworld,p22.pddl,0.000000,0,-,18000,100,0,0,1,1,1,1,1,1,1,1,0.000000,0.000000,0.000000,0.000000,0.000000,0.000000,0.000000,0.000000,0,0,0,0.000000,False,0
blocksworld,p22.pddl,0.000000,0,-,18000,100,0,0,1,1,1,1,1,1,1,1,0.000000,0.000000,0.000000,0.000000,0.000000,0.000000,0.000000,0.000000,0,0,0,0.000000,False,0
blocksworld,p22.pddl,0.000000,0,-,18000,100,0,0,1,1,1,1,1,1,1,1,0.000000,0.000000,0.000000,0.000000,0.000000,0.000000,0.000000,0.000000,0,0,0,0.000000,False,0
blocksworld,p22.pddl,0.000000,0,-,18000,100,0,0,1,1,1,1,1,1,1,1,0.000000,0.000000,0.000000,0.000000,0.000000,0.000000,0.000000,0.000000,0,0,0,0.000000,False,0
blocksworld,p22.pddl,0.000000,0,-,18000,100,0,0,1,1,1,1,1,1,1,1,0.000000,0.000000,0.000000,0.000000,0.000000,0.000000,0.000000,0.000000,0,0,0,0.000000,False,0
blocksworld,p23.pddl,0.000000,0,-,18000,100,0,0,1,1,1,1,1,1,1,1,0.000000,0.000000,0.000000,0.000000,0.000000,0.000000,0.000000,0.000000,0,0,0,0.000000,False,0
blocksworld,p23.pddl,0.000000,0,-,18000,100,0,0,1,1,1,1,1,1,1,1,0.000000,0.000000,0.000000,0.000000,0.000000,0.000000,0.000000,0.000000,0,0,0,0.000000,False,0
blocksworld,p23.pddl,0.000000,0,-,18000,100,0,0,1,1,1,1,1,1,1,1,0.000000,0.000000,0.000000,0.000000,0.000000,0.000000,0.000000,0.000000,0,0,0,0.000000,False,0
blocksworld,p23.pddl,0.000000,0,-,18000,100,0,0,1,1,1,1,1,1,1,1,0.000000,0.000000,0.000000,0.000000,0.000000,0.000000,0.000000,0.000000,0,0,0,0.000000,False,0
blocksworld,p23.pddl,0.000000,0,-,18000,100,0,0,1,1,1,1,1,1,1,1,0.000000,0.000000,0.000000,0.000000,0.000000,0.000000,0.000000,0.000000,0,0,0,0.000000,False,0
blocksworld,p23.pddl,0.000000,0,-,18000,100,0,0,1,1,1,1,1,1,1,1,0.000000,0.000000,0.000000,0.000000,0.000000,0.000000,0.000000,0.000000,0,0,0,0.000000,False,0
blocksworld,p23.pddl,0.000000,0,-,18000,100,0,0,1,1,1,1,1,1,1,1,0.000000,0.000000,0.000000,0.000000,0.000000,0.000000,0.000000,0.000000,0,0,0,0.000000,False,0
blocksworld,p23.pddl,0.000000,0,-,18000,100,0,0,1,1,1,1,1,1,1,1,0.000000,0.000000,0.000000,0.000000,0.000000,0.000000,0.000000,0.000000,0,0,0,0.000000,False,0
blocksworld,p23.pddl,0.000000,0,-,18000,100,0,0,1,1,1,1,1,1,1,1,0.000000,0.000000,0.000000,0.000000,0.000000,0.000000,0.000000,0.000000,0,0,0,0.000000,False,0
blocksworld,p23.pddl,0.000000,0,-,18000,100,0,0,1,1,1,1,1,1,1,1,0.000000,0.000000,0.000000,0.000000,0.000000,0.000000,0.000000,0.000000,0,0,0,0.000000,False,0
blocksworld,p24.pddl,0.000000,0,-,18000,100,0,0,1,1,1,1,1,1,1,1,0.000000,0.000000,0.000000,0.000000,0.000000,0.000000,0.000000,0.000000,0,0,0,0.000000,False,0
blocksworld,p24.pddl,0.000000,0,-,18000,100,0,0,1,1,1,1,1,1,1,1,0.000000,0.000000,0.000000,0.000000,0.000000,0.000000,0.000000,0.000000,0,0,0,0.000000,False,0
blocksworld,p24.pddl,0.000000,0,-,18000,100,0,0,1,1,1,1,1,1,1,1,0.000000,0.000000,0.000000,0.000000,0.000000,0.000000,0.000000,0.000000,0,0,0,0.000000,False,0
blocksworld,p24.pddl,0.000000,0,-,18000,100,0,0,1,1,1,1,1,1,1,1,0.000000,0.000000,0.000000,0.000000,0.000000,0.000000,0.000000,0.000000,0,0,0,0.000000,False,0
blocksworld,p24.pddl,0.000000,0,-,18000,100,0,0,1,1,1,1,1,1,1,1,0.000000,0.000000,0.000000,0.000000,0.000000,0.000000,0.000000,0.000000,0,0,0,0.000000,False,0
blocksworld,p24.pddl,0.000000,0,-,18000,100,0,0,1,1,1,1,1,1,1,1,0.000000,0.000000,0.000000,0.000000,0.000000,0.000000,0.000000,0.000000,0,0,0,0.000000,False,0
blocksworld,p24.pddl,0.000000,0,-,18000,100,0,0,1,1,1,1,1,1,1,1,0.000000,0.000000,0.000000,0.000000,0.000000,0.000000,0.000000,0.000000,0,0,0,0.000000,False,0
blocksworld,p24.pddl,0.000000,0,-,18000,100,0,0,1,1,1,1,1,1,1,1,0.000000,0.000000,0.000000,0.000000,0.000000,0.000000,0.000000,0.000000,0,0,0,0.000000,False,0
blocksworld,p24.pddl,0.000000,0,-,18000,100,0,0,1,1,1,1,1,1,1,1,0.000000,0.000000,0.000000,0.000000,0.000000,0.000000,0.000000,0.000000,0,0,0,0.000000,False,0
blocksworld,p24.pddl,0.000000,0,-,18000,100,0,0,1,1,1,1,1,1,1,1,0.000000,0.000000,0.000000,0.000000,0.000000,0.000000,0.000000,0.000000,0,0,0,0.000000,False,0
blocksworld,p25.pddl,0.000000,0,-,18000,100,0,0,1,1,1,1,1,1,1,1,0.000000,0.000000,0.000000,0.000000,0.000000,0.000000,0.000000,0.000000,0,0,0,0.000000,False,0
blocksworld,p25.pddl,0.000000,0,-,18000,100,0,0,1,1,1,1,1,1,1,1,0.000000,0.000000,0.000000,0.000000,0.000000,0.000000,0.000000,0.000000,0,0,0,0.000000,False,0
blocksworld,p25.pddl,0.000000,0,-,18000,100,0,0,1,1,1,1,1,1,1,1,0.000000,0.000000,0.000000,0.000000,0.000000,0.000000,0.000000,0.000000,0,0,0,0.000000,False,0
blocksworld,p25.pddl,0.000000,0,-,18000,100,0,0,1,1,1,1,1,1,1,1,0.000000,0.000000,0.000000,0.000000,0.000000,0.000000,0.000000,0.000000,0,0,0,0.000000,False,0
blocksworld,p25.pddl,0.000000,0,-,18000,100,0,0,1,1,1,1,1,1,1,1,0.000000,0.000000,0.000000,0.000000,0.000000,0.000000,0.000000,0.000000,0,0,0,0.000000,False,0
blocksworld,p25.pddl,0.000000,0,-,18000,100,0,0,1,1,1,1,1,1,1,1,0.000000,0.000000,0.000000,0.000000,0.000000,0.000000,0.000000,0.000000,0,0,0,0.000000,False,0
blocksworld,p25.pddl,0.000000,0,-,18000,100,0,0,1,1,1,1,1,1,1,1,0.000000,0.000000,0.000000,0.000000,0.000000,0.000000,0.000000,0.000000,0,0,0,0.000000,False,0
blocksworld,p25.pddl,0.000000,0,-,18000,100,0,0,1,1,1,1,1,1,1,1,0.000000,0.000000,0.000000,0.000000,0.000000,0.000000,0.000000,0.000000,0,0,0,0.000000,False,0
blocksworld,p25.pddl,0.000000,0,-,18000,100,0,0,1,1,1,1,1,1,1,1,0.000000,0.000000,0.000000,0.000000,0.000000,0.000000,0.000000,0.000000,0,0,0,0.000000,False,0
blocksworld,p25.pddl,0.000000,0,-,18000,100,0,0,1,1,1,1,1,1,1,1,0.000000,0.000000,0.000000,0.000000,0.000000,0.000000,0.000000,0.000000,0,0,0,0.000000,False,0
blocksworld,p26.pddl,0.000000,0,-,18000,100,0,0,1,1,1,1,1,1,1,1,0.000000,0.000000,0.000000,0.000000,0.000000,0.000000,0.000000,0.000000,0,0,0,0.000000,False,0
blocksworld,p26.pddl,0.000000,0,-,18000,100,0,0,1,1,1,1,1,1,1,1,0.000000,0.000000,0.000000,0.000000,0.000000,0.000000,0.000000,0.000000,0,0,0,0.000000,False,0
blocksworld,p26.pddl,0.000000,0,-,18000,100,0,0,1,1,1,1,1,1,1,1,0.000000,0.000000,0.000000,0.000000,0.000000,0.000000,0.000000,0.000000,0,0,0,0.000000,False,0
blocksworld,p26.pddl,0.000000,0,-,18000,100,0,0,1,1,1,1,1,1,1,1,0.000000,0.000000,0.000000,0.000000,0.000000,0.000000,0.000000,0.000000,0,0,0,0.000000,False,0
blocksworld,p26.pddl,0.000000,0,-,18000,100,0,0,1,1,1,1,1,1,1,1,0.000000,0.000000,0.000000,0.000000,0.000000,0.000000,0.000000,0.000000,0,0,0,0.000000,False,0
blocksworld,p26.pddl,0.000000,0,-,18000,100,0,0,1,1,1,1,1,1,1,1,0.000000,0.000000,0.000000,0.000000,0.000000,0.000000,0.000000,0.000000,0,0,0,0.000000,False,0
blocksworld,p26.pddl,0.000000,0,-,18000,100,0,0,1,1,1,1,1,1,1,1,0.000000,0.000000,0.000000,0.000000,0.000000,0.000000,0.000000,0.000000,0,0,0,0.000000,False,0
blocksworld,p26.pddl,0.000000,0,-,18000,100,0,0,1,1,1,1,1,1,1,1,0.000000,0.000000,0.000000,0.000000,0.000000,0.000000,0.000000,0.000000,0,0,0,0.000000,False,0
blocksworld,p26.pddl,0.000000,0,-,18000,100,0,0,1,1,1,1,1,1,1,1,0.000000,0.000000,0.000000,0.000000,0.000000,0.000000,0.000000,0.000000,0,0,0,0.000000,False,0
blocksworld,p26.pddl,0.000000,0,-,18000,100,0,0,1,1,1,1,1,1,1,1,0.000000,0.000000,0.000000,0.000000,0.000000,0.000000,0.000000,0.000000,0,0,0,0.000000,False,0
blocksworld,p27.pddl,0.000000,0,-,18000,100,0,0,1,1,1,1,1,1,1,1,0.000000,0.000000,0.000000,0.000000,0.000000,0.000000,0.000000,0.000000,0,0,0,0.000000,False,0
blocksworld,p27.pddl,0.000000,0,-,18000,100,0,0,1,1,1,1,1,1,1,1,0.000000,0.000000,0.000000,0.000000,0.000000,0.000000,0.000000,0.000000,0,0,0,0.000000,False,0
blocksworld,p27.pddl,0.000000,0,-,18000,100,0,0,1,1,1,1,1,1,1,1,0.000000,0.000000,0.000000,0.000000,0.000000,0.000000,0.000000,0.000000,0,0,0,0.000000,False,0
blocksworld,p27.pddl,0.000000,0,-,18000,100,0,0,1,1,1,1,1,1,1,1,0.000000,0.000000,0.000000,0.000000,0.000000,0.000000,0.000000,0.000000,0,0,0,0.000000,False,0
blocksworld,p27.pddl,0.000000,0,-,18000,100,0,0,1,1,1,1,1,1,1,1,0.000000,0.000000,0.000000,0.000000,0.000000,0.000000,0.000000,0.000000,0,0,0,0.000000,False,0
blocksworld,p27.pddl,0.000000,0,-,18000,100,0,0,1,1,1,1,1,1,1,1,0.000000,0.000000,0.000000,0.000000,0.000000,0.000000,0.000000,0.000000,0,0,0,0.000000,False,0
blocksworld,p27.pddl,0.000000,0,-,18000,100,0,0,1,1,1,1,1,1,1,1,0.000000,0.000000,0.000000,0.000000,0.000000,0.000000,0.000000,0.000000,0,0,0,0.000000,False,0
blocksworld,p27.pddl,0.000000,0,-,18000,100,0,0,1,1,1,1,1,1,1,1,0.000000,0.000000,0.000000,0.000000,0.000000,0.000000,0.000000,0.000000,0,0,0,0.000000,False,0
blocksworld,p27.pddl,0.000000,0,-,18000,100,0,0,1,1,1,1,1,1,1,1,0.000000,0.000000,0.000000,0.000000,0.000000,0.000000,0.000000,0.000000,0,0,0,0.000000,False,0
blocksworld,p27.pddl,0.000000,0,-,18000,100,0,0,1,1,1,1,1,1,1,1,0.000000,0.000000,0.000000,0.000000,0.000000,0.000000,0.000000,0.000000,0,0,0,0.000000,False,0
blocksworld,p28.pddl,0.000000,0,-,18000,100,0,0,1,1,1,1,1,1,1,1,0.000000,0.000000,0.000000,0.000000,0.000000,0.000000,0.000000,0.000000,0,0,0,0.000000,False,0
blocksworld,p28.pddl,0.000000,0,-,18000,100,0,0,1,1,1,1,1,1,1,1,0.000000,0.000000,0.000000,0.000000,0.000000,0.000000,0.000000,0.000000,0,0,0,0.000000,False,0
blocksworld,p28.pddl,0.000000,0,-,18000,100,0,0,1,1,1,1,1,1,1,1,0.000000,0.000000,0.000000,0.000000,0.000000,0.000000,0.000000,0.000000,0,0,0,0.000000,False,0
blocksworld,p28.pddl,0.000000,0,-,18000,100,0,0,1,1,1,1,1,1,1,1,0.000000,0.000000,0.000000,0.000000,0.000000,0.000000,0.000000,0.000000,0,0,0,0.000000,False,0
blocksworld,p28.pddl,0.000000,0,-,18000,100,0,0,1,1,1,1,1,1,1,1,0.000000,0.000000,0.000000,0.000000,0.000000,0.000000,0.000000,0.000000,0,0,0,0.000000,False,0
blocksworld,p28.pddl,0.000000,0,-,18000,100,0,0,1,1,1,1,1,1,1,1,0.000000,0.000000,0.000000,0.000000,0.000000,0.000000,0.000000,0.000000,0,0,0,0.000000,False,0
blocksworld,p28.pddl,0.000000,0,-,18000,100,0,0,1,1,1,1,1,1,1,1,0.000000,0.000000,0.000000,0.000000,0.000000,0.000000,0.000000,0.000000,0,0,0,0.000000,False,0
blocksworld,p28.pddl,0.000000,0,-,18000,100,0,0,1,1,1,1,1,1,1,1,0.000000,0.000000,0.000000,0.000000,0.000000,0.000000,0.000000,0.000000,0,0,0,0.000000,False,0
blocksworld,p28.pddl,0.000000,0,-,18000,100,0,0,1,1,1,1,1,1,1,1,0.000000,0.000000,0.000000,0.000000,0.000000,0.000000,0.000000,0.000000,0,0,0,0.000000,False,0
blocksworld,p28.pddl,0.000000,0,-,18000,100,0,0,1,1,1,1,1,1,1,1,0.000000,0.000000,0.000000,0.000000,0.000000,0.000000,0.000000,0.000000,0,0,0,0.000000,False,0
blocksworld,p29.pddl,0.000000,0,-,18000,100,0,0,1,1,1,1,1,1,1,1,0.000000,0.000000,0.000000,0.000000,0.000000,0.000000,0.000000,0.000000,0,0,0,0.000000,False,0
blocksworld,p29.pddl,0.000000,0,-,18000,100,0,0,1,1,1,1,1,1,1,1,0.000000,0.000000,0.000000,0.000000,0.000000,0.000000,0.000000,0.000000,0,0,0,0.000000,False,0
blocksworld,p29.pddl,0.000000,0,-,18000,100,0,0,1,1,1,1,1,1,1,1,0.000000,0.000000,0.000000,0.000000,0.000000,0.000000,0.000000,0.000000,0,0,0,0.000000,False,0
blocksworld,p29.pddl,0.000000,0,-,18000,100,0,0,1,1,1,1,1,1,1,1,0.000000,0.000000,0.000000,0.000000,0.000000,0.000000,0.000000,0.000000,0,0,0,0.000000,False,0
blocksworld,p29.pddl,0.000000,0,-,18000,100,0,0,1,1,1,1,1,1,1,1,0.000000,0.000000,0.000000,0.000000,0.000000,0.000000,0.000000,0.000000,0,0,0,0.000000,False,0
blocksworld,p29.pddl,0.000000,0,-,18000,100,0,0,1,1,1,1,1,1,1,1,0.000000,0.000000,0.000000,0.000000,0.000000,0.000000,0.000000,0.000000,0,0,0,0.000000,False,0
blocksworld,p29.pddl,0.000000,0,-,18000,100,0,0,1,1,1,1,1,1,1,1,0.000000,0.000000,0.000000,0.000000,0.000000,0.000000,0.000000,0.000000,0,0,0,0.000000,False,0
blocksworld,p29.pddl,0.000000,0,-,18000,100,0,0,1,1,1,1,1,1,1,1,0.000000,0.000000,0.000000,0.000000,0.000000,0.000000,0.000000,0.000000,0,0,0,0.000000,False,0
blocksworld,p29.pddl,0.000000,0,-,18000,100,0,0,1,1,1,1,1,1,1,1,0.000000,0.000000,0.000000,0.000000,0.000000,0.000000,0.000000,0.000000,0,0,0,0.000000,False,0
blocksworld,p29.pddl,0.000000,0,-,18000,100,0,0,1,1,1,1,1,1,1,1,0.000000,0.000000,0.000000,0.000000,0.000000,0.000000,0.000000,0.000000,0,0,0,0.000000,False,0
blocksworld,p30.pddl,0.000000,0,-,18000,100,0,0,1,1,1,1,1,1,1,1,0.000000,0.000000,0.000000,0.000000,0.000000,0.000000,0.000000,0.000000,0,0,0,0.000000,False,0
blocksworld,p30.pddl,0.000000,0,-,18000,100,0,0,1,1,1,1,1,1,1,1,0.000000,0.000000,0.000000,0.000000,0.000000,0.000000,0.000000,0.000000,0,0,0,0.000000,False,0
blocksworld,p30.pddl,0.000000,0,-,18000,100,0,0,1,1,1,1,1,1,1,1,0.000000,0.000000,0.000000,0.000000,0.000000,0.000000,0.000000,0.000000,0,0,0,0.000000,False,0
blocksworld,p30.pddl,0.000000,0,-,18000,100,0,0,1,1,1,1,1,1,1,1,0.000000,0.000000,0.000000,0.000000,0.000000,0.000000,0.000000,0.000000,0,0,0,0.000000,False,0
blocksworld,p30.pddl,0.000000,0,-,18000,100,0,0,1,1,1,1,1,1,1,1,0.000000,0.000000,0.000000,0.000000,0.000000,0.000000,0.000000,0.000000,0,0,0,0.000000,False,0
blocksworld,p30.pddl,0.000000,0,-,18000,100,0,0,1,1,1,1,1,1,1,1,0.000000,0.000000,0.000000,0.000000,0.000000,0.000000,0.000000,0.000000,0,0,0,0.000000,False,0
blocksworld,p30.pddl,0.000000,0,-,18000,100,0,0,1,1,1,1,1,1,1,1,0.000000,0.000000,0.000000,0.000000,0.000000,0.000000,0.000000,0.000000,0,0,0,0.000000,False,0
blocksworld,p30.pddl,0.000000,0,-,18000,100,0,0,1,1,1,1,1,1,1,1,0.000000,0.000000,0.000000,0.000000,0.000000,0.000000,0.000000,0.000000,0,0,0,0.000000,False,0
blocksworld,p30.pddl,0.000000,0,-,18000,100,0,0,1,1,1,1,1,1,1,1,0.000000,0.000000,0.000000,0.000000,0.000000,0.000000,0.000000,0.000000,0,0,0,0.000000,False,0
blocksworld,p30.pddl,0.000000,0,-,18000,100,0,0,1,1,1,1,1,1,1,1,0.000000,0.000000,0.000000,0.000000,0.000000,0.000000,0.000000,0.000000,0,0,0,0.000000,False,0